[
  {
    "model": "admin.logentry",
    "pk": 1,
    "fields": {
      "action_time": "2022-05-01T01:49:54.399Z",
      "user": 1,
      "content_type": 6,
      "object_id": "1",
      "object_repr": "admin",
      "action_flag": 2,
      "change_message": "[{\"changed\": {\"fields\": [\"Avatar\"]}}]"
    }
  },
  {
    "model": "admin.logentry",
    "pk": 2,
    "fields": {
      "action_time": "2022-05-01T01:53:59.754Z",
      "user": 1,
      "content_type": 6,
      "object_id": "1",
      "object_repr": "admin",
      "action_flag": 2,
      "change_message": "[{\"changed\": {\"fields\": [\"Avatar\"]}}]"
    }
  },
  {
    "model": "admin.logentry",
    "pk": 3,
    "fields": {
      "action_time": "2022-05-01T02:13:14.881Z",
      "user": 1,
      "content_type": 6,
      "object_id": "1",
      "object_repr": "admin",
      "action_flag": 2,
      "change_message": "[{\"changed\": {\"fields\": [\"Avatar\"]}}]"
    }
  },
  {
    "model": "admin.logentry",
    "pk": 4,
    "fields": {
      "action_time": "2022-05-01T13:16:50.848Z",
      "user": 1,
      "content_type": 3,
      "object_id": "1",
      "object_repr": "Quebec",
      "action_flag": 1,
      "change_message": "[{\"added\": {}}]"
    }
  },
  {
    "model": "admin.logentry",
    "pk": 5,
    "fields": {
      "action_time": "2022-05-01T13:16:58.941Z",
      "user": 1,
      "content_type": 3,
      "object_id": "2",
      "object_repr": "Papa",
      "action_flag": 1,
      "change_message": "[{\"added\": {}}]"
    }
  },
  {
    "model": "admin.logentry",
    "pk": 6,
    "fields": {
      "action_time": "2022-05-01T13:17:45.222Z",
      "user": 1,
      "content_type": 3,
      "object_id": "3",
      "object_repr": "November",
      "action_flag": 1,
      "change_message": "[{\"added\": {}}]"
    }
  },
  {
    "model": "admin.logentry",
    "pk": 7,
    "fields": {
      "action_time": "2022-05-01T13:29:44.766Z",
      "user": 1,
      "content_type": 6,
      "object_id": "2",
      "object_repr": "ankur@codeplatoon.org",
      "action_flag": 1,
      "change_message": "[{\"added\": {}}]"
    }
  },
  {
    "model": "admin.logentry",
    "pk": 8,
    "fields": {
      "action_time": "2022-05-01T13:30:00.292Z",
      "user": 1,
      "content_type": 6,
      "object_id": "3",
      "object_repr": "raphael@codeplatoon.org",
      "action_flag": 1,
      "change_message": "[{\"added\": {}}]"
    }
  },
  {
    "model": "admin.logentry",
    "pk": 9,
    "fields": {
      "action_time": "2022-05-01T13:30:30.503Z",
      "user": 1,
      "content_type": 6,
      "object_id": "4",
      "object_repr": "jon@codeplatoon.org",
      "action_flag": 1,
      "change_message": "[{\"added\": {}}]"
    }
  },
  {
    "model": "admin.logentry",
    "pk": 10,
    "fields": {
      "action_time": "2022-05-01T13:30:41.140Z",
      "user": 1,
      "content_type": 6,
      "object_id": "5",
      "object_repr": "rod@codeplatoon.org",
      "action_flag": 1,
      "change_message": "[{\"added\": {}}]"
    }
  },
  {
    "model": "admin.logentry",
    "pk": 11,
    "fields": {
      "action_time": "2022-05-01T14:04:11.614Z",
      "user": 1,
      "content_type": 6,
      "object_id": "6",
      "object_repr": "quebec_student_1@email.com",
      "action_flag": 1,
      "change_message": "[{\"added\": {}}]"
    }
  },
  {
    "model": "admin.logentry",
    "pk": 12,
    "fields": {
      "action_time": "2022-05-01T14:04:25.159Z",
      "user": 1,
      "content_type": 6,
      "object_id": "7",
      "object_repr": "quebec_student_2@email.com",
      "action_flag": 1,
      "change_message": "[{\"added\": {}}]"
    }
  },
  {
    "model": "admin.logentry",
    "pk": 13,
    "fields": {
      "action_time": "2022-05-01T14:04:48.532Z",
      "user": 1,
      "content_type": 6,
      "object_id": "8",
      "object_repr": "quebec_student_3@email.com",
      "action_flag": 1,
      "change_message": "[{\"added\": {}}]"
    }
  },
  {
    "model": "admin.logentry",
    "pk": 14,
    "fields": {
      "action_time": "2022-05-01T14:05:14.541Z",
      "user": 1,
      "content_type": 6,
      "object_id": "9",
      "object_repr": "quebec_student_4@email.com",
      "action_flag": 1,
      "change_message": "[{\"added\": {}}]"
    }
  },
  {
    "model": "admin.logentry",
    "pk": 15,
    "fields": {
      "action_time": "2022-05-01T14:05:26.776Z",
      "user": 1,
      "content_type": 6,
      "object_id": "10",
      "object_repr": "quebec_student_5@email.com",
      "action_flag": 1,
      "change_message": "[{\"added\": {}}]"
    }
  },
  {
    "model": "admin.logentry",
    "pk": 16,
    "fields": {
      "action_time": "2022-05-01T14:05:37.759Z",
      "user": 1,
      "content_type": 6,
      "object_id": "11",
      "object_repr": "quebec_student_6@email.com",
      "action_flag": 1,
      "change_message": "[{\"added\": {}}]"
    }
  },
  {
    "model": "admin.logentry",
    "pk": 17,
    "fields": {
      "action_time": "2022-05-01T14:05:56.772Z",
      "user": 1,
      "content_type": 6,
      "object_id": "12",
      "object_repr": "quebec_ta_1@email.com",
      "action_flag": 1,
      "change_message": "[{\"added\": {}}]"
    }
  },
  {
    "model": "admin.logentry",
    "pk": 18,
    "fields": {
      "action_time": "2022-05-01T14:06:09.537Z",
      "user": 1,
      "content_type": 6,
      "object_id": "13",
      "object_repr": "quebec_ta_2@email.com",
      "action_flag": 1,
      "change_message": "[{\"added\": {}}]"
    }
  },
  {
    "model": "admin.logentry",
    "pk": 19,
    "fields": {
      "action_time": "2022-05-01T14:11:05.059Z",
      "user": 1,
      "content_type": 6,
      "object_id": "14",
      "object_repr": "papa_student_1@email.com",
      "action_flag": 1,
      "change_message": "[{\"added\": {}}]"
    }
  },
  {
    "model": "admin.logentry",
    "pk": 20,
    "fields": {
      "action_time": "2022-05-01T14:11:17.114Z",
      "user": 1,
      "content_type": 6,
      "object_id": "15",
      "object_repr": "papa_student_2@email.com",
      "action_flag": 1,
      "change_message": "[{\"added\": {}}]"
    }
  },
  {
    "model": "admin.logentry",
    "pk": 21,
    "fields": {
      "action_time": "2022-05-01T14:11:34.082Z",
      "user": 1,
      "content_type": 6,
      "object_id": "16",
      "object_repr": "papa_ta_1@email.com",
      "action_flag": 1,
      "change_message": "[{\"added\": {}}]"
    }
  },
  {
    "model": "admin.logentry",
    "pk": 22,
    "fields": {
      "action_time": "2022-05-01T14:12:19.289Z",
      "user": 1,
      "content_type": 6,
      "object_id": "5",
      "object_repr": "rod@codeplatoon.org",
      "action_flag": 2,
      "change_message": "[{\"changed\": {\"fields\": [\"First name\", \"Last name\", \"Email address\", \"Staff status\", \"Superuser status\"]}}]"
    }
  },
  {
    "model": "admin.logentry",
    "pk": 23,
    "fields": {
      "action_time": "2022-05-01T14:12:41.711Z",
      "user": 1,
      "content_type": 6,
      "object_id": "3",
      "object_repr": "raphael@codeplatoon.org",
      "action_flag": 2,
      "change_message": "[{\"changed\": {\"fields\": [\"First name\", \"Last name\", \"Email address\", \"Staff status\", \"Superuser status\"]}}]"
    }
  },
  {
    "model": "admin.logentry",
    "pk": 24,
    "fields": {
      "action_time": "2022-05-01T14:13:17.617Z",
      "user": 1,
      "content_type": 6,
      "object_id": "13",
      "object_repr": "quebec_ta_2@email.com",
      "action_flag": 2,
      "change_message": "[{\"changed\": {\"fields\": [\"First name\", \"Last name\", \"Email address\", \"Staff status\"]}}]"
    }
  },
  {
    "model": "admin.logentry",
    "pk": 25,
    "fields": {
      "action_time": "2022-05-01T14:13:42.590Z",
      "user": 1,
      "content_type": 6,
      "object_id": "12",
      "object_repr": "quebec_ta_1@email.com",
      "action_flag": 2,
      "change_message": "[{\"changed\": {\"fields\": [\"First name\", \"Last name\", \"Email address\", \"Staff status\"]}}]"
    }
  },
  {
    "model": "admin.logentry",
    "pk": 26,
    "fields": {
      "action_time": "2022-05-01T14:13:49.785Z",
      "user": 1,
      "content_type": 6,
      "object_id": "13",
      "object_repr": "quebec_ta_2@email.com",
      "action_flag": 2,
      "change_message": "[{\"changed\": {\"fields\": [\"First name\", \"Last name\"]}}]"
    }
  },
  {
    "model": "admin.logentry",
    "pk": 27,
    "fields": {
      "action_time": "2022-05-01T14:14:11.773Z",
      "user": 1,
      "content_type": 6,
      "object_id": "11",
      "object_repr": "quebec_student_6@email.com",
      "action_flag": 2,
      "change_message": "[{\"changed\": {\"fields\": [\"First name\", \"Last name\", \"Email address\"]}}]"
    }
  },
  {
    "model": "admin.logentry",
    "pk": 28,
    "fields": {
      "action_time": "2022-05-01T14:14:25.394Z",
      "user": 1,
      "content_type": 6,
      "object_id": "10",
      "object_repr": "quebec_student_5@email.com",
      "action_flag": 2,
      "change_message": "[{\"changed\": {\"fields\": [\"First name\", \"Last name\", \"Email address\"]}}]"
    }
  },
  {
    "model": "admin.logentry",
    "pk": 29,
    "fields": {
      "action_time": "2022-05-01T14:14:38.588Z",
      "user": 1,
      "content_type": 6,
      "object_id": "9",
      "object_repr": "quebec_student_4@email.com",
      "action_flag": 2,
      "change_message": "[{\"changed\": {\"fields\": [\"First name\", \"Last name\", \"Email address\"]}}]"
    }
  },
  {
    "model": "admin.logentry",
    "pk": 30,
    "fields": {
      "action_time": "2022-05-01T14:14:50.742Z",
      "user": 1,
      "content_type": 6,
      "object_id": "8",
      "object_repr": "quebec_student_3@email.com",
      "action_flag": 2,
      "change_message": "[{\"changed\": {\"fields\": [\"First name\", \"Last name\", \"Email address\"]}}]"
    }
  },
  {
    "model": "admin.logentry",
    "pk": 31,
    "fields": {
      "action_time": "2022-05-01T14:15:15.356Z",
      "user": 1,
      "content_type": 6,
      "object_id": "7",
      "object_repr": "quebec_student_2@email.com",
      "action_flag": 2,
      "change_message": "[{\"changed\": {\"fields\": [\"First name\", \"Last name\", \"Email address\"]}}]"
    }
  },
  {
    "model": "admin.logentry",
    "pk": 32,
    "fields": {
      "action_time": "2022-05-01T14:15:23.329Z",
      "user": 1,
      "content_type": 6,
      "object_id": "8",
      "object_repr": "quebec_student_3@email.com",
      "action_flag": 2,
      "change_message": "[{\"changed\": {\"fields\": [\"First name\"]}}]"
    }
  },
  {
    "model": "admin.logentry",
    "pk": 33,
    "fields": {
      "action_time": "2022-05-01T14:15:29.167Z",
      "user": 1,
      "content_type": 6,
      "object_id": "9",
      "object_repr": "quebec_student_4@email.com",
      "action_flag": 2,
      "change_message": "[{\"changed\": {\"fields\": [\"First name\"]}}]"
    }
  },
  {
    "model": "admin.logentry",
    "pk": 34,
    "fields": {
      "action_time": "2022-05-01T14:15:35.389Z",
      "user": 1,
      "content_type": 6,
      "object_id": "10",
      "object_repr": "quebec_student_5@email.com",
      "action_flag": 2,
      "change_message": "[{\"changed\": {\"fields\": [\"First name\"]}}]"
    }
  },
  {
    "model": "admin.logentry",
    "pk": 35,
    "fields": {
      "action_time": "2022-05-01T14:15:42.876Z",
      "user": 1,
      "content_type": 6,
      "object_id": "11",
      "object_repr": "quebec_student_6@email.com",
      "action_flag": 2,
      "change_message": "[{\"changed\": {\"fields\": [\"First name\"]}}]"
    }
  },
  {
    "model": "admin.logentry",
    "pk": 36,
    "fields": {
      "action_time": "2022-05-01T14:15:56.560Z",
      "user": 1,
      "content_type": 6,
      "object_id": "12",
      "object_repr": "quebec_ta_1@email.com",
      "action_flag": 2,
      "change_message": "[{\"changed\": {\"fields\": [\"First name\"]}}]"
    }
  },
  {
    "model": "admin.logentry",
    "pk": 37,
    "fields": {
      "action_time": "2022-05-01T14:16:03.378Z",
      "user": 1,
      "content_type": 6,
      "object_id": "13",
      "object_repr": "quebec_ta_2@email.com",
      "action_flag": 2,
      "change_message": "[{\"changed\": {\"fields\": [\"First name\"]}}]"
    }
  },
  {
    "model": "admin.logentry",
    "pk": 38,
    "fields": {
      "action_time": "2022-05-01T14:16:20.009Z",
      "user": 1,
      "content_type": 6,
      "object_id": "6",
      "object_repr": "quebec_student_1@email.com",
      "action_flag": 2,
      "change_message": "[{\"changed\": {\"fields\": [\"First name\", \"Last name\", \"Email address\"]}}]"
    }
  },
  {
    "model": "admin.logentry",
    "pk": 39,
    "fields": {
      "action_time": "2022-05-01T14:16:39.353Z",
      "user": 1,
      "content_type": 6,
      "object_id": "16",
      "object_repr": "papa_ta_1@email.com",
      "action_flag": 2,
      "change_message": "[{\"changed\": {\"fields\": [\"First name\", \"Last name\", \"Email address\"]}}]"
    }
  },
  {
    "model": "admin.logentry",
    "pk": 40,
    "fields": {
      "action_time": "2022-05-01T14:16:47.114Z",
      "user": 1,
      "content_type": 6,
      "object_id": "16",
      "object_repr": "papa_ta_1@email.com",
      "action_flag": 2,
      "change_message": "[{\"changed\": {\"fields\": [\"Last name\"]}}]"
    }
  },
  {
    "model": "admin.logentry",
    "pk": 41,
    "fields": {
      "action_time": "2022-05-01T14:17:13.139Z",
      "user": 1,
      "content_type": 6,
      "object_id": "15",
      "object_repr": "papa_student_2@email.com",
      "action_flag": 2,
      "change_message": "[{\"changed\": {\"fields\": [\"First name\", \"Last name\", \"Email address\"]}}]"
    }
  },
  {
    "model": "admin.logentry",
    "pk": 42,
    "fields": {
      "action_time": "2022-05-01T14:17:37.790Z",
      "user": 1,
      "content_type": 6,
      "object_id": "14",
      "object_repr": "papa_student_1@email.com",
      "action_flag": 2,
      "change_message": "[{\"changed\": {\"fields\": [\"First name\", \"Last name\", \"Email address\"]}}]"
    }
  },
  {
    "model": "admin.logentry",
    "pk": 43,
    "fields": {
      "action_time": "2022-05-01T14:18:17.801Z",
      "user": 1,
      "content_type": 6,
      "object_id": "4",
      "object_repr": "jon@codeplatoon.org",
      "action_flag": 2,
      "change_message": "[{\"changed\": {\"fields\": [\"First name\", \"Last name\", \"Email address\", \"Staff status\", \"Superuser status\"]}}]"
    }
  },
  {
    "model": "admin.logentry",
    "pk": 44,
    "fields": {
      "action_time": "2022-05-01T14:18:34.986Z",
      "user": 1,
      "content_type": 6,
      "object_id": "2",
      "object_repr": "ankur@codeplatoon.org",
      "action_flag": 2,
      "change_message": "[{\"changed\": {\"fields\": [\"First name\", \"Last name\", \"Email address\", \"Staff status\", \"Superuser status\"]}}]"
    }
  },
  {
    "model": "admin.logentry",
    "pk": 45,
    "fields": {
      "action_time": "2022-05-01T14:18:53.964Z",
      "user": 1,
      "content_type": 6,
      "object_id": "13",
      "object_repr": "quebec_ta_2@email.com",
      "action_flag": 2,
      "change_message": "[{\"changed\": {\"fields\": [\"Groups\"]}}]"
    }
  },
  {
    "model": "admin.logentry",
    "pk": 46,
    "fields": {
      "action_time": "2022-05-01T14:19:12.676Z",
      "user": 1,
      "content_type": 6,
      "object_id": "3",
      "object_repr": "raphael@codeplatoon.org",
      "action_flag": 2,
      "change_message": "[{\"changed\": {\"fields\": [\"Groups\"]}}]"
    }
  },
  {
    "model": "admin.logentry",
    "pk": 47,
    "fields": {
      "action_time": "2022-05-01T14:19:21.043Z",
      "user": 1,
      "content_type": 6,
      "object_id": "2",
      "object_repr": "ankur@codeplatoon.org",
      "action_flag": 2,
      "change_message": "[{\"changed\": {\"fields\": [\"Groups\"]}}]"
    }
  },
  {
    "model": "admin.logentry",
    "pk": 48,
    "fields": {
      "action_time": "2022-05-01T14:19:33.925Z",
      "user": 1,
      "content_type": 6,
      "object_id": "13",
      "object_repr": "quebec_ta_2@email.com",
      "action_flag": 2,
      "change_message": "[]"
    }
  },
  {
    "model": "admin.logentry",
    "pk": 49,
    "fields": {
      "action_time": "2022-05-01T14:19:39.736Z",
      "user": 1,
      "content_type": 6,
      "object_id": "12",
      "object_repr": "quebec_ta_1@email.com",
      "action_flag": 2,
      "change_message": "[{\"changed\": {\"fields\": [\"Groups\"]}}]"
    }
  },
  {
    "model": "admin.logentry",
    "pk": 50,
    "fields": {
      "action_time": "2022-05-01T14:19:52.176Z",
      "user": 1,
      "content_type": 6,
      "object_id": "11",
      "object_repr": "quebec_student_6@email.com",
      "action_flag": 2,
      "change_message": "[{\"changed\": {\"fields\": [\"Groups\"]}}]"
    }
  },
  {
    "model": "admin.logentry",
    "pk": 51,
    "fields": {
      "action_time": "2022-05-01T14:19:57.154Z",
      "user": 1,
      "content_type": 6,
      "object_id": "10",
      "object_repr": "quebec_student_5@email.com",
      "action_flag": 2,
      "change_message": "[{\"changed\": {\"fields\": [\"Groups\"]}}]"
    }
  },
  {
    "model": "admin.logentry",
    "pk": 52,
    "fields": {
      "action_time": "2022-05-01T14:20:02.374Z",
      "user": 1,
      "content_type": 6,
      "object_id": "9",
      "object_repr": "quebec_student_4@email.com",
      "action_flag": 2,
      "change_message": "[{\"changed\": {\"fields\": [\"Groups\"]}}]"
    }
  },
  {
    "model": "admin.logentry",
    "pk": 53,
    "fields": {
      "action_time": "2022-05-01T14:20:08.298Z",
      "user": 1,
      "content_type": 6,
      "object_id": "8",
      "object_repr": "quebec_student_3@email.com",
      "action_flag": 2,
      "change_message": "[{\"changed\": {\"fields\": [\"Groups\"]}}]"
    }
  },
  {
    "model": "admin.logentry",
    "pk": 54,
    "fields": {
      "action_time": "2022-05-01T14:20:13.717Z",
      "user": 1,
      "content_type": 6,
      "object_id": "7",
      "object_repr": "quebec_student_2@email.com",
      "action_flag": 2,
      "change_message": "[{\"changed\": {\"fields\": [\"Groups\"]}}]"
    }
  },
  {
    "model": "admin.logentry",
    "pk": 55,
    "fields": {
      "action_time": "2022-05-01T14:20:18.545Z",
      "user": 1,
      "content_type": 6,
      "object_id": "7",
      "object_repr": "quebec_student_2@email.com",
      "action_flag": 2,
      "change_message": "[]"
    }
  },
  {
    "model": "admin.logentry",
    "pk": 56,
    "fields": {
      "action_time": "2022-05-01T14:20:22.718Z",
      "user": 1,
      "content_type": 6,
      "object_id": "6",
      "object_repr": "quebec_student_1@email.com",
      "action_flag": 2,
      "change_message": "[{\"changed\": {\"fields\": [\"Groups\"]}}]"
    }
  },
  {
    "model": "admin.logentry",
    "pk": 57,
    "fields": {
      "action_time": "2022-05-01T14:20:28.922Z",
      "user": 1,
      "content_type": 6,
      "object_id": "16",
      "object_repr": "papa_ta_1@email.com",
      "action_flag": 2,
      "change_message": "[{\"changed\": {\"fields\": [\"Groups\"]}}]"
    }
  },
  {
    "model": "admin.logentry",
    "pk": 58,
    "fields": {
      "action_time": "2022-05-01T14:20:34.156Z",
      "user": 1,
      "content_type": 6,
      "object_id": "15",
      "object_repr": "papa_student_2@email.com",
      "action_flag": 2,
      "change_message": "[{\"changed\": {\"fields\": [\"Groups\"]}}]"
    }
  },
  {
    "model": "admin.logentry",
    "pk": 59,
    "fields": {
      "action_time": "2022-05-01T14:20:39.587Z",
      "user": 1,
      "content_type": 6,
      "object_id": "14",
      "object_repr": "papa_student_1@email.com",
      "action_flag": 2,
      "change_message": "[{\"changed\": {\"fields\": [\"Groups\"]}}]"
    }
  },
  {
    "model": "admin.logentry",
    "pk": 60,
    "fields": {
      "action_time": "2022-05-01T14:20:57.326Z",
      "user": 1,
      "content_type": 6,
      "object_id": "15",
      "object_repr": "papa_student_2@email.com",
      "action_flag": 2,
      "change_message": "[{\"changed\": {\"fields\": [\"Groups\"]}}]"
    }
  },
  {
    "model": "admin.logentry",
    "pk": 61,
    "fields": {
      "action_time": "2022-05-01T14:27:00.126Z",
      "user": 1,
      "content_type": 17,
      "object_id": "1",
      "object_repr": "UserLink object (1)",
      "action_flag": 1,
      "change_message": "[{\"added\": {}}]"
    }
  },
  {
    "model": "admin.logentry",
    "pk": 62,
    "fields": {
      "action_time": "2022-05-01T14:27:31.377Z",
      "user": 1,
      "content_type": 17,
      "object_id": "2",
      "object_repr": "UserLink object (2)",
      "action_flag": 1,
      "change_message": "[{\"added\": {}}]"
    }
  },
  {
    "model": "admin.logentry",
    "pk": 63,
    "fields": {
      "action_time": "2022-05-01T14:28:01.087Z",
      "user": 1,
      "content_type": 17,
      "object_id": "3",
      "object_repr": "UserLink object (3)",
      "action_flag": 1,
      "change_message": "[{\"added\": {}}]"
    }
  },
  {
    "model": "admin.logentry",
    "pk": 64,
    "fields": {
      "action_time": "2022-05-01T14:34:10.116Z",
      "user": 1,
      "content_type": 17,
      "object_id": "4",
      "object_repr": "Jonathan Young - https://www.linkedin.com/",
      "action_flag": 1,
      "change_message": "[{\"added\": {}}]"
    }
  },
  {
    "model": "admin.logentry",
    "pk": 65,
    "fields": {
      "action_time": "2022-05-01T14:34:24.174Z",
      "user": 1,
      "content_type": 17,
      "object_id": "5",
      "object_repr": "P One Student - https://www.linkedin.com/",
      "action_flag": 1,
      "change_message": "[{\"added\": {}}]"
    }
  },
  {
    "model": "admin.logentry",
    "pk": 66,
    "fields": {
      "action_time": "2022-05-01T14:34:35.567Z",
      "user": 1,
      "content_type": 17,
      "object_id": "6",
      "object_repr": "P Two Student - https://www.linkedin.com/",
      "action_flag": 1,
      "change_message": "[{\"added\": {}}]"
    }
  },
  {
    "model": "admin.logentry",
    "pk": 67,
    "fields": {
      "action_time": "2022-05-01T14:34:43.293Z",
      "user": 1,
      "content_type": 17,
      "object_id": "7",
      "object_repr": "P TA 1 P TA 1 - https://www.linkedin.com/",
      "action_flag": 1,
      "change_message": "[{\"added\": {}}]"
    }
  },
  {
    "model": "admin.logentry",
    "pk": 68,
    "fields": {
      "action_time": "2022-05-01T14:34:50.946Z",
      "user": 1,
      "content_type": 17,
      "object_id": "8",
      "object_repr": "Q One Student - https://www.linkedin.com/",
      "action_flag": 1,
      "change_message": "[{\"added\": {}}]"
    }
  },
  {
    "model": "admin.logentry",
    "pk": 69,
    "fields": {
      "action_time": "2022-05-01T14:34:57.304Z",
      "user": 1,
      "content_type": 17,
      "object_id": "9",
      "object_repr": "Q Two Student - https://www.linkedin.com/",
      "action_flag": 1,
      "change_message": "[{\"added\": {}}]"
    }
  },
  {
    "model": "admin.logentry",
    "pk": 70,
    "fields": {
      "action_time": "2022-05-01T14:35:03.176Z",
      "user": 1,
      "content_type": 17,
      "object_id": "10",
      "object_repr": "Q TA 1 TA 1 - https://www.linkedin.com/",
      "action_flag": 1,
      "change_message": "[{\"added\": {}}]"
    }
  },
  {
    "model": "admin.logentry",
    "pk": 71,
    "fields": {
      "action_time": "2022-05-01T14:35:09.315Z",
      "user": 1,
      "content_type": 17,
      "object_id": "11",
      "object_repr": "Q TA 2 TA 2 - https://www.linkedin.com/",
      "action_flag": 1,
      "change_message": "[{\"added\": {}}]"
    }
  },
  {
    "model": "admin.logentry",
    "pk": 72,
    "fields": {
      "action_time": "2022-05-01T14:35:15.222Z",
      "user": 1,
      "content_type": 17,
      "object_id": "12",
      "object_repr": "Rodrigo Levy - https://www.linkedin.com/",
      "action_flag": 1,
      "change_message": "[{\"added\": {}}]"
    }
  },
  {
    "model": "admin.logentry",
    "pk": 73,
    "fields": {
      "action_time": "2022-05-01T14:35:54.759Z",
      "user": 1,
      "content_type": 17,
      "object_id": "13",
      "object_repr": "Ankur Shah - https://github.com/",
      "action_flag": 1,
      "change_message": "[{\"added\": {}}]"
    }
  },
  {
    "model": "admin.logentry",
    "pk": 74,
    "fields": {
      "action_time": "2022-05-01T14:36:00.237Z",
      "user": 1,
      "content_type": 17,
      "object_id": "14",
      "object_repr": "Jonathan Young - https://github.com/",
      "action_flag": 1,
      "change_message": "[{\"added\": {}}]"
    }
  },
  {
    "model": "admin.logentry",
    "pk": 75,
    "fields": {
      "action_time": "2022-05-01T14:36:05.069Z",
      "user": 1,
      "content_type": 17,
      "object_id": "15",
      "object_repr": "P One Student - https://github.com/",
      "action_flag": 1,
      "change_message": "[{\"added\": {}}]"
    }
  },
  {
    "model": "admin.logentry",
    "pk": 76,
    "fields": {
      "action_time": "2022-05-01T14:36:10.495Z",
      "user": 1,
      "content_type": 17,
      "object_id": "16",
      "object_repr": "P Two Student - https://github.com/",
      "action_flag": 1,
      "change_message": "[{\"added\": {}}]"
    }
  },
  {
    "model": "admin.logentry",
    "pk": 77,
    "fields": {
      "action_time": "2022-05-01T14:36:15.706Z",
      "user": 1,
      "content_type": 17,
      "object_id": "17",
      "object_repr": "P TA 1 P TA 1 - https://github.com/",
      "action_flag": 1,
      "change_message": "[{\"added\": {}}]"
    }
  },
  {
    "model": "admin.logentry",
    "pk": 78,
    "fields": {
      "action_time": "2022-05-01T14:36:20.543Z",
      "user": 1,
      "content_type": 17,
      "object_id": "18",
      "object_repr": "Q One Student - https://github.com/",
      "action_flag": 1,
      "change_message": "[{\"added\": {}}]"
    }
  },
  {
    "model": "admin.logentry",
    "pk": 79,
    "fields": {
      "action_time": "2022-05-01T14:36:24.667Z",
      "user": 1,
      "content_type": 17,
      "object_id": "19",
      "object_repr": "Q Two Student - https://github.com/",
      "action_flag": 1,
      "change_message": "[{\"added\": {}}]"
    }
  },
  {
    "model": "admin.logentry",
    "pk": 80,
    "fields": {
      "action_time": "2022-05-01T14:36:29.776Z",
      "user": 1,
      "content_type": 17,
      "object_id": "20",
      "object_repr": "Q Two Student - https://github.com/",
      "action_flag": 1,
      "change_message": "[{\"added\": {}}]"
    }
  },
  {
    "model": "admin.logentry",
    "pk": 81,
    "fields": {
      "action_time": "2022-05-01T14:36:34.179Z",
      "user": 1,
      "content_type": 17,
      "object_id": "21",
      "object_repr": "Q Three Student - https://github.com/",
      "action_flag": 1,
      "change_message": "[{\"added\": {}}]"
    }
  },
  {
    "model": "admin.logentry",
    "pk": 82,
    "fields": {
      "action_time": "2022-05-01T14:36:38.927Z",
      "user": 1,
      "content_type": 17,
      "object_id": "22",
      "object_repr": "Q Four Student - https://github.com/",
      "action_flag": 1,
      "change_message": "[{\"added\": {}}]"
    }
  },
  {
    "model": "admin.logentry",
    "pk": 83,
    "fields": {
      "action_time": "2022-05-01T14:36:44.613Z",
      "user": 1,
      "content_type": 17,
      "object_id": "23",
      "object_repr": "Q Five Student - https://github.com/",
      "action_flag": 1,
      "change_message": "[{\"added\": {}}]"
    }
  },
  {
    "model": "admin.logentry",
    "pk": 84,
    "fields": {
      "action_time": "2022-05-01T14:36:48.683Z",
      "user": 1,
      "content_type": 17,
      "object_id": "24",
      "object_repr": "Q Six Student - https://github.com/",
      "action_flag": 1,
      "change_message": "[{\"added\": {}}]"
    }
  },
  {
    "model": "admin.logentry",
    "pk": 85,
    "fields": {
      "action_time": "2022-05-01T14:36:54.632Z",
      "user": 1,
      "content_type": 17,
      "object_id": "25",
      "object_repr": "Q TA 1 TA 1 - https://github.com/",
      "action_flag": 1,
      "change_message": "[{\"added\": {}}]"
    }
  },
  {
    "model": "admin.logentry",
    "pk": 86,
    "fields": {
      "action_time": "2022-05-01T14:36:58.992Z",
      "user": 1,
      "content_type": 17,
      "object_id": "26",
      "object_repr": "Q TA 2 TA 2 - https://github.com/",
      "action_flag": 1,
      "change_message": "[{\"added\": {}}]"
    }
  },
  {
    "model": "admin.logentry",
    "pk": 87,
    "fields": {
      "action_time": "2022-05-01T14:37:03.963Z",
      "user": 1,
      "content_type": 17,
      "object_id": "27",
      "object_repr": "Raphael Serota - https://github.com/",
      "action_flag": 1,
      "change_message": "[{\"added\": {}}]"
    }
  },
  {
    "model": "admin.logentry",
    "pk": 88,
    "fields": {
      "action_time": "2022-05-01T14:37:08.297Z",
      "user": 1,
      "content_type": 17,
      "object_id": "28",
      "object_repr": "Rodrigo Levy - https://github.com/",
      "action_flag": 1,
      "change_message": "[{\"added\": {}}]"
    }
  },
  {
    "model": "admin.logentry",
    "pk": 89,
    "fields": {
      "action_time": "2022-05-01T14:39:01.452Z",
      "user": 1,
      "content_type": 17,
      "object_id": "13",
      "object_repr": "Ankur Shah - GitHub",
      "action_flag": 2,
      "change_message": "[{\"changed\": {\"fields\": [\"Name\", \"Url\"]}}]"
    }
  },
  {
    "model": "admin.logentry",
    "pk": 90,
    "fields": {
      "action_time": "2022-05-01T14:41:27.623Z",
      "user": 1,
      "content_type": 17,
      "object_id": "8",
      "object_repr": "Q One Student - https://www.linkedin.com/",
      "action_flag": 3,
      "change_message": ""
    }
  },
  {
    "model": "admin.logentry",
    "pk": 91,
    "fields": {
      "action_time": "2022-05-01T15:18:38.611Z",
      "user": 1,
      "content_type": 6,
      "object_id": "17",
      "object_repr": "abc",
      "action_flag": 3,
      "change_message": ""
    }
  },
  {
    "model": "admin.logentry",
    "pk": 92,
    "fields": {
      "action_time": "2022-05-01T15:28:38.487Z",
      "user": 1,
      "content_type": 6,
      "object_id": "18",
      "object_repr": "abc",
      "action_flag": 3,
      "change_message": ""
    }
  },
  {
    "model": "admin.logentry",
    "pk": 93,
    "fields": {
      "action_time": "2022-05-01T15:56:36.606Z",
      "user": 1,
      "content_type": 11,
      "object_id": "1",
      "object_repr": "Topic object (1)",
      "action_flag": 1,
      "change_message": "[{\"added\": {}}]"
    }
  },
  {
    "model": "admin.logentry",
    "pk": 94,
    "fields": {
      "action_time": "2022-05-01T15:56:52.916Z",
      "user": 1,
      "content_type": 11,
      "object_id": "2",
      "object_repr": "Topic object (2)",
      "action_flag": 1,
      "change_message": "[{\"added\": {}}]"
    }
  },
  {
    "model": "admin.logentry",
    "pk": 95,
    "fields": {
      "action_time": "2022-05-01T15:57:40.911Z",
      "user": 1,
      "content_type": 11,
      "object_id": "3",
      "object_repr": "Databases / SQL",
      "action_flag": 1,
      "change_message": "[{\"added\": {}}]"
    }
  },
  {
    "model": "admin.logentry",
    "pk": 96,
    "fields": {
      "action_time": "2022-05-01T15:59:21.454Z",
      "user": 1,
      "content_type": 11,
      "object_id": "4",
      "object_repr": "Quebec Python",
      "action_flag": 1,
      "change_message": "[{\"added\": {}}]"
    }
  },
  {
    "model": "admin.logentry",
    "pk": 97,
    "fields": {
      "action_time": "2022-05-01T15:59:29.189Z",
      "user": 1,
      "content_type": 11,
      "object_id": "5",
      "object_repr": "Quebec Django",
      "action_flag": 1,
      "change_message": "[{\"added\": {}}]"
    }
  },
  {
    "model": "admin.logentry",
    "pk": 98,
    "fields": {
      "action_time": "2022-05-01T15:59:37.248Z",
      "user": 1,
      "content_type": 11,
      "object_id": "6",
      "object_repr": "Quebec React",
      "action_flag": 1,
      "change_message": "[{\"added\": {}}]"
    }
  },
  {
    "model": "admin.logentry",
    "pk": 99,
    "fields": {
      "action_time": "2022-05-01T16:00:13.588Z",
      "user": 1,
      "content_type": 11,
      "object_id": "7",
      "object_repr": "Quebec APIs",
      "action_flag": 1,
      "change_message": "[{\"added\": {}}]"
    }
  },
  {
    "model": "admin.logentry",
    "pk": 100,
    "fields": {
      "action_time": "2022-05-01T16:01:18.992Z",
      "user": 1,
      "content_type": 11,
      "object_id": "8",
      "object_repr": "Quebec OS / CLI",
      "action_flag": 1,
      "change_message": "[{\"added\": {}}]"
    }
  },
  {
    "model": "admin.logentry",
    "pk": 101,
    "fields": {
      "action_time": "2022-05-01T16:01:51.908Z",
      "user": 1,
      "content_type": 11,
      "object_id": "8",
      "object_repr": "Quebec Command Line Interface",
      "action_flag": 2,
      "change_message": "[{\"changed\": {\"fields\": [\"Title\"]}}]"
    }
  },
  {
    "model": "admin.logentry",
    "pk": 102,
    "fields": {
      "action_time": "2022-05-01T16:02:09.971Z",
      "user": 1,
      "content_type": 11,
      "object_id": "9",
      "object_repr": "Quebec Linux",
      "action_flag": 1,
      "change_message": "[{\"added\": {}}]"
    }
  },
  {
    "model": "admin.logentry",
    "pk": 103,
    "fields": {
      "action_time": "2022-05-01T16:02:20.641Z",
      "user": 1,
      "content_type": 11,
      "object_id": "10",
      "object_repr": "Quebec GIT",
      "action_flag": 1,
      "change_message": "[{\"added\": {}}]"
    }
  },
  {
    "model": "admin.logentry",
    "pk": 104,
    "fields": {
      "action_time": "2022-05-01T16:07:58.067Z",
      "user": 1,
      "content_type": 19,
      "object_id": "1",
      "object_repr": "Lesson object (1)",
      "action_flag": 1,
      "change_message": "[{\"added\": {}}]"
    }
  },
  {
    "model": "admin.logentry",
    "pk": 105,
    "fields": {
      "action_time": "2022-05-01T16:09:15.698Z",
      "user": 1,
      "content_type": 19,
      "object_id": "2",
      "object_repr": "Lesson object (2)",
      "action_flag": 1,
      "change_message": "[{\"added\": {}}]"
    }
  },
  {
    "model": "admin.logentry",
    "pk": 106,
    "fields": {
      "action_time": "2022-05-01T16:30:59.992Z",
      "user": 1,
      "content_type": 11,
      "object_id": "10",
      "object_repr": "Quebec GIT",
      "action_flag": 3,
      "change_message": ""
    }
  },
  {
    "model": "admin.logentry",
    "pk": 107,
    "fields": {
      "action_time": "2022-05-01T16:30:59.999Z",
      "user": 1,
      "content_type": 11,
      "object_id": "9",
      "object_repr": "Quebec Linux",
      "action_flag": 3,
      "change_message": ""
    }
  },
  {
    "model": "admin.logentry",
    "pk": 108,
    "fields": {
      "action_time": "2022-05-01T16:31:00.002Z",
      "user": 1,
      "content_type": 11,
      "object_id": "8",
      "object_repr": "Quebec Command Line Interface",
      "action_flag": 3,
      "change_message": ""
    }
  },
  {
    "model": "admin.logentry",
    "pk": 109,
    "fields": {
      "action_time": "2022-05-01T16:31:00.006Z",
      "user": 1,
      "content_type": 11,
      "object_id": "7",
      "object_repr": "Quebec APIs",
      "action_flag": 3,
      "change_message": ""
    }
  },
  {
    "model": "admin.logentry",
    "pk": 110,
    "fields": {
      "action_time": "2022-05-01T16:31:00.009Z",
      "user": 1,
      "content_type": 11,
      "object_id": "6",
      "object_repr": "Quebec React",
      "action_flag": 3,
      "change_message": ""
    }
  },
  {
    "model": "admin.logentry",
    "pk": 111,
    "fields": {
      "action_time": "2022-05-01T16:31:00.013Z",
      "user": 1,
      "content_type": 11,
      "object_id": "5",
      "object_repr": "Quebec Django",
      "action_flag": 3,
      "change_message": ""
    }
  },
  {
    "model": "admin.logentry",
    "pk": 112,
    "fields": {
      "action_time": "2022-05-01T16:31:00.017Z",
      "user": 1,
      "content_type": 11,
      "object_id": "4",
      "object_repr": "Quebec Python",
      "action_flag": 3,
      "change_message": ""
    }
  },
  {
    "model": "admin.logentry",
    "pk": 113,
    "fields": {
      "action_time": "2022-05-01T16:31:00.020Z",
      "user": 1,
      "content_type": 11,
      "object_id": "3",
      "object_repr": "Quebec Databases / SQL",
      "action_flag": 3,
      "change_message": ""
    }
  },
  {
    "model": "admin.logentry",
    "pk": 114,
    "fields": {
      "action_time": "2022-05-01T16:31:00.024Z",
      "user": 1,
      "content_type": 11,
      "object_id": "2",
      "object_repr": "Quebec HTML/CSS",
      "action_flag": 3,
      "change_message": ""
    }
  },
  {
    "model": "admin.logentry",
    "pk": 115,
    "fields": {
      "action_time": "2022-05-01T16:31:00.027Z",
      "user": 1,
      "content_type": 11,
      "object_id": "1",
      "object_repr": "Quebec Javascript",
      "action_flag": 3,
      "change_message": ""
    }
  },
  {
    "model": "admin.logentry",
    "pk": 116,
    "fields": {
      "action_time": "2022-05-01T16:34:44.535Z",
      "user": 1,
      "content_type": 11,
      "object_id": "1",
      "object_repr": "Quebec Javascript",
      "action_flag": 1,
      "change_message": "[{\"added\": {}}]"
    }
  },
  {
    "model": "admin.logentry",
    "pk": 117,
    "fields": {
      "action_time": "2022-05-01T16:35:17.446Z",
      "user": 1,
      "content_type": 11,
      "object_id": "2",
      "object_repr": "Quebec CLI (Command Line Interface)",
      "action_flag": 1,
      "change_message": "[{\"added\": {}}]"
    }
  },
  {
    "model": "admin.logentry",
    "pk": 118,
    "fields": {
      "action_time": "2022-05-01T16:37:09.867Z",
      "user": 1,
      "content_type": 19,
      "object_id": "3",
      "object_repr": "Javascript - Javascript Intro",
      "action_flag": 1,
      "change_message": "[{\"added\": {}}]"
    }
  },
  {
    "model": "admin.logentry",
    "pk": 119,
    "fields": {
      "action_time": "2022-05-01T16:37:47.279Z",
      "user": 1,
      "content_type": 11,
      "object_id": "3",
      "object_repr": "Quebec GIT",
      "action_flag": 1,
      "change_message": "[{\"added\": {}}]"
    }
  },
  {
    "model": "admin.logentry",
    "pk": 120,
    "fields": {
      "action_time": "2022-05-01T16:38:03.944Z",
      "user": 1,
      "content_type": 11,
      "object_id": "4",
      "object_repr": "Quebec Linux",
      "action_flag": 1,
      "change_message": "[{\"added\": {}}]"
    }
  },
  {
    "model": "admin.logentry",
    "pk": 121,
    "fields": {
      "action_time": "2022-05-01T16:38:20.569Z",
      "user": 1,
      "content_type": 11,
      "object_id": "2",
      "object_repr": "Quebec CLI (Command Line Interface)",
      "action_flag": 2,
      "change_message": "[{\"changed\": {\"fields\": [\"Sub topics\"]}}]"
    }
  },
  {
    "model": "admin.logentry",
    "pk": 122,
    "fields": {
      "action_time": "2022-05-01T16:40:01.940Z",
      "user": 1,
      "content_type": 19,
      "object_id": "4",
      "object_repr": "CLI (Command Line Interface) - Intro to the command line",
      "action_flag": 1,
      "change_message": "[{\"added\": {}}]"
    }
  },
  {
    "model": "admin.logentry",
    "pk": 123,
    "fields": {
      "action_time": "2022-05-01T16:40:37.361Z",
      "user": 1,
      "content_type": 19,
      "object_id": "5",
      "object_repr": "GIT - GIT intro",
      "action_flag": 1,
      "change_message": "[{\"added\": {}}]"
    }
  },
  {
    "model": "admin.logentry",
    "pk": 124,
    "fields": {
      "action_time": "2022-05-01T16:41:05.085Z",
      "user": 1,
      "content_type": 11,
      "object_id": "5",
      "object_repr": "Quebec HTML/CSS",
      "action_flag": 1,
      "change_message": "[{\"added\": {}}]"
    }
  },
  {
    "model": "admin.logentry",
    "pk": 125,
    "fields": {
      "action_time": "2022-05-01T16:41:13.116Z",
      "user": 1,
      "content_type": 11,
      "object_id": "6",
      "object_repr": "Quebec Databases/SQL",
      "action_flag": 1,
      "change_message": "[{\"added\": {}}]"
    }
  },
  {
    "model": "admin.logentry",
    "pk": 126,
    "fields": {
      "action_time": "2022-05-01T16:41:20.428Z",
      "user": 1,
      "content_type": 11,
      "object_id": "7",
      "object_repr": "Quebec Python",
      "action_flag": 1,
      "change_message": "[{\"added\": {}}]"
    }
  },
  {
    "model": "admin.logentry",
    "pk": 127,
    "fields": {
      "action_time": "2022-05-01T16:41:27.033Z",
      "user": 1,
      "content_type": 11,
      "object_id": "8",
      "object_repr": "Quebec Django",
      "action_flag": 1,
      "change_message": "[{\"added\": {}}]"
    }
  },
  {
    "model": "admin.logentry",
    "pk": 128,
    "fields": {
      "action_time": "2022-05-01T16:41:29.772Z",
      "user": 1,
      "content_type": 11,
      "object_id": "9",
      "object_repr": "Quebec React",
      "action_flag": 1,
      "change_message": "[{\"added\": {}}]"
    }
  },
  {
    "model": "admin.logentry",
    "pk": 129,
    "fields": {
      "action_time": "2022-05-01T16:41:52.350Z",
      "user": 1,
      "content_type": 11,
      "object_id": "10",
      "object_repr": "Quebec APIs",
      "action_flag": 1,
      "change_message": "[{\"added\": {}}]"
    }
  },
  {
    "model": "admin.logentry",
    "pk": 130,
    "fields": {
      "action_time": "2022-05-01T16:44:09.184Z",
      "user": 1,
      "content_type": 16,
      "object_id": "1",
      "object_repr": "LessonLink object (1)",
      "action_flag": 1,
      "change_message": "[{\"added\": {}}]"
    }
  },
  {
    "model": "admin.logentry",
    "pk": 131,
    "fields": {
      "action_time": "2022-05-01T16:44:24.504Z",
      "user": 1,
      "content_type": 16,
      "object_id": "2",
      "object_repr": "LessonLink object (2)",
      "action_flag": 1,
      "change_message": "[{\"added\": {}}]"
    }
  },
  {
    "model": "admin.logentry",
    "pk": 132,
    "fields": {
      "action_time": "2022-05-01T16:44:36.074Z",
      "user": 1,
      "content_type": 16,
      "object_id": "3",
      "object_repr": "LessonLink object (3)",
      "action_flag": 1,
      "change_message": "[{\"added\": {}}]"
    }
  },
  {
    "model": "admin.logentry",
    "pk": 133,
    "fields": {
      "action_time": "2022-05-01T16:48:08.876Z",
      "user": 1,
      "content_type": 11,
      "object_id": "11",
      "object_repr": "Quebec JavaScript Fundamentals",
      "action_flag": 1,
      "change_message": "[{\"added\": {}}]"
    }
  },
  {
    "model": "admin.logentry",
    "pk": 134,
    "fields": {
      "action_time": "2022-05-01T16:49:26.723Z",
      "user": 1,
      "content_type": 19,
      "object_id": "6",
      "object_repr": "JavaScript Fundamentals - Javascript Fundamentals",
      "action_flag": 1,
      "change_message": "[{\"added\": {}}]"
    }
  },
  {
    "model": "admin.logentry",
    "pk": 135,
    "fields": {
      "action_time": "2022-05-01T16:49:44.747Z",
      "user": 1,
      "content_type": 16,
      "object_id": "4",
      "object_repr": "Javascript Fundamentals - https://github.com/quebecplatoon/curriculum/blob/master/page-resources/JSFundamentalsDay1.pdf",
      "action_flag": 1,
      "change_message": "[{\"added\": {}}]"
    }
  },
  {
    "model": "admin.logentry",
    "pk": 136,
    "fields": {
      "action_time": "2022-05-01T16:50:16.338Z",
      "user": 1,
      "content_type": 16,
      "object_id": "5",
      "object_repr": "Javascript Fundamentals - https://www.w3schools.com/jsref/jsref_obj_array.asp",
      "action_flag": 1,
      "change_message": "[{\"added\": {}}]"
    }
  },
  {
    "model": "admin.logentry",
    "pk": 137,
    "fields": {
      "action_time": "2022-05-01T16:50:33.256Z",
      "user": 1,
      "content_type": 16,
      "object_id": "6",
      "object_repr": "Javascript Fundamentals - https://developer.mozilla.org/en-US/docs/Web/JavaScript/Reference/Global_Objects/Array",
      "action_flag": 1,
      "change_message": "[{\"added\": {}}]"
    }
  },
  {
    "model": "admin.logentry",
    "pk": 138,
    "fields": {
      "action_time": "2022-05-01T16:51:08.774Z",
      "user": 1,
      "content_type": 16,
      "object_id": "7",
      "object_repr": "Javascript Fundamentals - https://education.github.com/git-cheat-sheet-education.pdf",
      "action_flag": 1,
      "change_message": "[{\"added\": {}}]"
    }
  },
  {
    "model": "admin.logentry",
    "pk": 139,
    "fields": {
      "action_time": "2022-05-01T16:52:21.360Z",
      "user": 1,
      "content_type": 16,
      "object_id": "8",
      "object_repr": "Javascript Fundamentals - http://algorithm.wiki/en/app/",
      "action_flag": 1,
      "change_message": "[{\"added\": {}}]"
    }
  },
  {
    "model": "admin.logentry",
    "pk": 140,
    "fields": {
      "action_time": "2022-05-01T16:52:43.066Z",
      "user": 1,
      "content_type": 16,
      "object_id": "9",
      "object_repr": "Javascript Fundamentals - https://github.com/quebecplatoon/curriculum/blob/master/page-resources/keyboard-setup.png",
      "action_flag": 1,
      "change_message": "[{\"added\": {}}]"
    }
  },
  {
    "model": "admin.logentry",
    "pk": 141,
    "fields": {
      "action_time": "2022-05-01T16:53:04.766Z",
      "user": 1,
      "content_type": 16,
      "object_id": "10",
      "object_repr": "Javascript Fundamentals - https://github.com/quebecplatoon/curriculum/blob/master/page-resources/javascript_control_flow.pdf",
      "action_flag": 1,
      "change_message": "[{\"added\": {}}]"
    }
  },
  {
    "model": "admin.logentry",
    "pk": 142,
    "fields": {
      "action_time": "2022-05-01T16:53:50.414Z",
      "user": 1,
      "content_type": 16,
      "object_id": "11",
      "object_repr": "Javascript Fundamentals - https://github.com/quebecplatoon/algo-roman-numerals",
      "action_flag": 1,
      "change_message": "[{\"added\": {}}]"
    }
  },
  {
    "model": "admin.logentry",
    "pk": 143,
    "fields": {
      "action_time": "2022-05-01T16:54:01.210Z",
      "user": 1,
      "content_type": 16,
      "object_id": "12",
      "object_repr": "Javascript Fundamentals - http://learngitbranching.js.org/",
      "action_flag": 1,
      "change_message": "[{\"added\": {}}]"
    }
  },
  {
    "model": "admin.logentry",
    "pk": 144,
    "fields": {
      "action_time": "2022-05-01T16:54:10.030Z",
      "user": 1,
      "content_type": 16,
      "object_id": "13",
      "object_repr": "Javascript Fundamentals - https://github.com/quebecplatoon/algo-factorial",
      "action_flag": 1,
      "change_message": "[{\"added\": {}}]"
    }
  },
  {
    "model": "admin.logentry",
    "pk": 145,
    "fields": {
      "action_time": "2022-05-01T16:54:19.237Z",
      "user": 1,
      "content_type": 16,
      "object_id": "14",
      "object_repr": "Javascript Fundamentals - https://github.com/quebecplatoon/algo-factorial",
      "action_flag": 1,
      "change_message": "[{\"added\": {}}]"
    }
  },
  {
    "model": "admin.logentry",
    "pk": 146,
    "fields": {
      "action_time": "2022-05-01T16:54:27.267Z",
      "user": 1,
      "content_type": 16,
      "object_id": "15",
      "object_repr": "Javascript Fundamentals - https://github.com/quebecplatoon/algo-fibonacci",
      "action_flag": 1,
      "change_message": "[{\"added\": {}}]"
    }
  },
  {
    "model": "admin.logentry",
    "pk": 147,
    "fields": {
      "action_time": "2022-05-01T16:54:39.177Z",
      "user": 1,
      "content_type": 16,
      "object_id": "16",
      "object_repr": "Javascript Fundamentals - https://github.com/quebecplatoon/algo-linear-search",
      "action_flag": 1,
      "change_message": "[{\"added\": {}}]"
    }
  },
  {
    "model": "auth.permission",
    "pk": 1,
    "fields": {
      "name": "Can add log entry",
      "content_type": 1,
      "codename": "add_logentry"
    }
  },
  {
    "model": "auth.permission",
    "pk": 2,
    "fields": {
      "name": "Can change log entry",
      "content_type": 1,
      "codename": "change_logentry"
    }
  },
  {
    "model": "auth.permission",
    "pk": 3,
    "fields": {
      "name": "Can delete log entry",
      "content_type": 1,
      "codename": "delete_logentry"
    }
  },
  {
    "model": "auth.permission",
    "pk": 4,
    "fields": {
      "name": "Can view log entry",
      "content_type": 1,
      "codename": "view_logentry"
    }
  },
  {
    "model": "auth.permission",
    "pk": 5,
    "fields": {
      "name": "Can add permission",
      "content_type": 2,
      "codename": "add_permission"
    }
  },
  {
    "model": "auth.permission",
    "pk": 6,
    "fields": {
      "name": "Can change permission",
      "content_type": 2,
      "codename": "change_permission"
    }
  },
  {
    "model": "auth.permission",
    "pk": 7,
    "fields": {
      "name": "Can delete permission",
      "content_type": 2,
      "codename": "delete_permission"
    }
  },
  {
    "model": "auth.permission",
    "pk": 8,
    "fields": {
      "name": "Can view permission",
      "content_type": 2,
      "codename": "view_permission"
    }
  },
  {
    "model": "auth.permission",
    "pk": 9,
    "fields": {
      "name": "Can add group",
      "content_type": 3,
      "codename": "add_group"
    }
  },
  {
    "model": "auth.permission",
    "pk": 10,
    "fields": {
      "name": "Can change group",
      "content_type": 3,
      "codename": "change_group"
    }
  },
  {
    "model": "auth.permission",
    "pk": 11,
    "fields": {
      "name": "Can delete group",
      "content_type": 3,
      "codename": "delete_group"
    }
  },
  {
    "model": "auth.permission",
    "pk": 12,
    "fields": {
      "name": "Can view group",
      "content_type": 3,
      "codename": "view_group"
    }
  },
  {
    "model": "auth.permission",
    "pk": 13,
    "fields": {
      "name": "Can add content type",
      "content_type": 4,
      "codename": "add_contenttype"
    }
  },
  {
    "model": "auth.permission",
    "pk": 14,
    "fields": {
      "name": "Can change content type",
      "content_type": 4,
      "codename": "change_contenttype"
    }
  },
  {
    "model": "auth.permission",
    "pk": 15,
    "fields": {
      "name": "Can delete content type",
      "content_type": 4,
      "codename": "delete_contenttype"
    }
  },
  {
    "model": "auth.permission",
    "pk": 16,
    "fields": {
      "name": "Can view content type",
      "content_type": 4,
      "codename": "view_contenttype"
    }
  },
  {
    "model": "auth.permission",
    "pk": 17,
    "fields": {
      "name": "Can add session",
      "content_type": 5,
      "codename": "add_session"
    }
  },
  {
    "model": "auth.permission",
    "pk": 18,
    "fields": {
      "name": "Can change session",
      "content_type": 5,
      "codename": "change_session"
    }
  },
  {
    "model": "auth.permission",
    "pk": 19,
    "fields": {
      "name": "Can delete session",
      "content_type": 5,
      "codename": "delete_session"
    }
  },
  {
    "model": "auth.permission",
    "pk": 20,
    "fields": {
      "name": "Can view session",
      "content_type": 5,
      "codename": "view_session"
    }
  },
  {
    "model": "auth.permission",
    "pk": 21,
    "fields": {
      "name": "Can add user",
      "content_type": 6,
      "codename": "add_user"
    }
  },
  {
    "model": "auth.permission",
    "pk": 22,
    "fields": {
      "name": "Can change user",
      "content_type": 6,
      "codename": "change_user"
    }
  },
  {
    "model": "auth.permission",
    "pk": 23,
    "fields": {
      "name": "Can delete user",
      "content_type": 6,
      "codename": "delete_user"
    }
  },
  {
    "model": "auth.permission",
    "pk": 24,
    "fields": {
      "name": "Can view user",
      "content_type": 6,
      "codename": "view_user"
    }
  },
  {
    "model": "auth.permission",
    "pk": 25,
    "fields": {
      "name": "Can add blacklisted token",
      "content_type": 7,
      "codename": "add_blacklistedtoken"
    }
  },
  {
    "model": "auth.permission",
    "pk": 26,
    "fields": {
      "name": "Can change blacklisted token",
      "content_type": 7,
      "codename": "change_blacklistedtoken"
    }
  },
  {
    "model": "auth.permission",
    "pk": 27,
    "fields": {
      "name": "Can delete blacklisted token",
      "content_type": 7,
      "codename": "delete_blacklistedtoken"
    }
  },
  {
    "model": "auth.permission",
    "pk": 28,
    "fields": {
      "name": "Can view blacklisted token",
      "content_type": 7,
      "codename": "view_blacklistedtoken"
    }
  },
  {
    "model": "auth.permission",
    "pk": 29,
    "fields": {
      "name": "Can add outstanding token",
      "content_type": 8,
      "codename": "add_outstandingtoken"
    }
  },
  {
    "model": "auth.permission",
    "pk": 30,
    "fields": {
      "name": "Can change outstanding token",
      "content_type": 8,
      "codename": "change_outstandingtoken"
    }
  },
  {
    "model": "auth.permission",
    "pk": 31,
    "fields": {
      "name": "Can delete outstanding token",
      "content_type": 8,
      "codename": "delete_outstandingtoken"
    }
  },
  {
    "model": "auth.permission",
    "pk": 32,
    "fields": {
      "name": "Can view outstanding token",
      "content_type": 8,
      "codename": "view_outstandingtoken"
    }
  },
  {
    "model": "auth.permission",
    "pk": 33,
    "fields": {
      "name": "Can add feedback",
      "content_type": 9,
      "codename": "add_feedback"
    }
  },
  {
    "model": "auth.permission",
    "pk": 34,
    "fields": {
      "name": "Can change feedback",
      "content_type": 9,
      "codename": "change_feedback"
    }
  },
  {
    "model": "auth.permission",
    "pk": 35,
    "fields": {
      "name": "Can delete feedback",
      "content_type": 9,
      "codename": "delete_feedback"
    }
  },
  {
    "model": "auth.permission",
    "pk": 36,
    "fields": {
      "name": "Can view feedback",
      "content_type": 9,
      "codename": "view_feedback"
    }
  },
  {
    "model": "auth.permission",
    "pk": 37,
    "fields": {
      "name": "Can add vote",
      "content_type": 10,
      "codename": "add_vote"
    }
  },
  {
    "model": "auth.permission",
    "pk": 38,
    "fields": {
      "name": "Can change vote",
      "content_type": 10,
      "codename": "change_vote"
    }
  },
  {
    "model": "auth.permission",
    "pk": 39,
    "fields": {
      "name": "Can delete vote",
      "content_type": 10,
      "codename": "delete_vote"
    }
  },
  {
    "model": "auth.permission",
    "pk": 40,
    "fields": {
      "name": "Can view vote",
      "content_type": 10,
      "codename": "view_vote"
    }
  },
  {
    "model": "auth.permission",
    "pk": 41,
    "fields": {
      "name": "Can add topic",
      "content_type": 11,
      "codename": "add_topic"
    }
  },
  {
    "model": "auth.permission",
    "pk": 42,
    "fields": {
      "name": "Can change topic",
      "content_type": 11,
      "codename": "change_topic"
    }
  },
  {
    "model": "auth.permission",
    "pk": 43,
    "fields": {
      "name": "Can delete topic",
      "content_type": 11,
      "codename": "delete_topic"
    }
  },
  {
    "model": "auth.permission",
    "pk": 44,
    "fields": {
      "name": "Can view topic",
      "content_type": 11,
      "codename": "view_topic"
    }
  },
  {
    "model": "auth.permission",
    "pk": 45,
    "fields": {
      "name": "Can add appointment",
      "content_type": 12,
      "codename": "add_appointment"
    }
  },
  {
    "model": "auth.permission",
    "pk": 46,
    "fields": {
      "name": "Can change appointment",
      "content_type": 12,
      "codename": "change_appointment"
    }
  },
  {
    "model": "auth.permission",
    "pk": 47,
    "fields": {
      "name": "Can delete appointment",
      "content_type": 12,
      "codename": "delete_appointment"
    }
  },
  {
    "model": "auth.permission",
    "pk": 48,
    "fields": {
      "name": "Can view appointment",
      "content_type": 12,
      "codename": "view_appointment"
    }
  },
  {
    "model": "auth.permission",
    "pk": 49,
    "fields": {
      "name": "Can add question",
      "content_type": 13,
      "codename": "add_question"
    }
  },
  {
    "model": "auth.permission",
    "pk": 50,
    "fields": {
      "name": "Can change question",
      "content_type": 13,
      "codename": "change_question"
    }
  },
  {
    "model": "auth.permission",
    "pk": 51,
    "fields": {
      "name": "Can delete question",
      "content_type": 13,
      "codename": "delete_question"
    }
  },
  {
    "model": "auth.permission",
    "pk": 52,
    "fields": {
      "name": "Can view question",
      "content_type": 13,
      "codename": "view_question"
    }
  },
  {
    "model": "auth.permission",
    "pk": 53,
    "fields": {
      "name": "Can add activity group",
      "content_type": 14,
      "codename": "add_activitygroup"
    }
  },
  {
    "model": "auth.permission",
    "pk": 54,
    "fields": {
      "name": "Can change activity group",
      "content_type": 14,
      "codename": "change_activitygroup"
    }
  },
  {
    "model": "auth.permission",
    "pk": 55,
    "fields": {
      "name": "Can delete activity group",
      "content_type": 14,
      "codename": "delete_activitygroup"
    }
  },
  {
    "model": "auth.permission",
    "pk": 56,
    "fields": {
      "name": "Can view activity group",
      "content_type": 14,
      "codename": "view_activitygroup"
    }
  },
  {
    "model": "auth.permission",
    "pk": 57,
    "fields": {
      "name": "Can add question option",
      "content_type": 15,
      "codename": "add_questionoption"
    }
  },
  {
    "model": "auth.permission",
    "pk": 58,
    "fields": {
      "name": "Can change question option",
      "content_type": 15,
      "codename": "change_questionoption"
    }
  },
  {
    "model": "auth.permission",
    "pk": 59,
    "fields": {
      "name": "Can delete question option",
      "content_type": 15,
      "codename": "delete_questionoption"
    }
  },
  {
    "model": "auth.permission",
    "pk": 60,
    "fields": {
      "name": "Can view question option",
      "content_type": 15,
      "codename": "view_questionoption"
    }
  },
  {
    "model": "auth.permission",
    "pk": 61,
    "fields": {
      "name": "Can add topic link",
      "content_type": 16,
      "codename": "add_topiclink"
    }
  },
  {
    "model": "auth.permission",
    "pk": 62,
    "fields": {
      "name": "Can change topic link",
      "content_type": 16,
      "codename": "change_topiclink"
    }
  },
  {
    "model": "auth.permission",
    "pk": 63,
    "fields": {
      "name": "Can delete topic link",
      "content_type": 16,
      "codename": "delete_topiclink"
    }
  },
  {
    "model": "auth.permission",
    "pk": 64,
    "fields": {
      "name": "Can view topic link",
      "content_type": 16,
      "codename": "view_topiclink"
    }
  },
  {
    "model": "auth.permission",
    "pk": 65,
    "fields": {
      "name": "Can add user link",
      "content_type": 17,
      "codename": "add_userlink"
    }
  },
  {
    "model": "auth.permission",
    "pk": 66,
    "fields": {
      "name": "Can change user link",
      "content_type": 17,
      "codename": "change_userlink"
    }
  },
  {
    "model": "auth.permission",
    "pk": 67,
    "fields": {
      "name": "Can delete user link",
      "content_type": 17,
      "codename": "delete_userlink"
    }
  },
  {
    "model": "auth.permission",
    "pk": 68,
    "fields": {
      "name": "Can view user link",
      "content_type": 17,
      "codename": "view_userlink"
    }
  },
  {
    "model": "auth.permission",
    "pk": 69,
    "fields": {
      "name": "Can add question response",
      "content_type": 18,
      "codename": "add_questionresponse"
    }
  },
  {
    "model": "auth.permission",
    "pk": 70,
    "fields": {
      "name": "Can change question response",
      "content_type": 18,
      "codename": "change_questionresponse"
    }
  },
  {
    "model": "auth.permission",
    "pk": 71,
    "fields": {
      "name": "Can delete question response",
      "content_type": 18,
      "codename": "delete_questionresponse"
    }
  },
  {
    "model": "auth.permission",
    "pk": 72,
    "fields": {
      "name": "Can view question response",
      "content_type": 18,
      "codename": "view_questionresponse"
    }
  },
  {
    "model": "auth.permission",
    "pk": 73,
    "fields": {
      "name": "Can add lesson",
      "content_type": 19,
      "codename": "add_lesson"
    }
  },
  {
    "model": "auth.permission",
    "pk": 74,
    "fields": {
      "name": "Can change lesson",
      "content_type": 19,
      "codename": "change_lesson"
    }
  },
  {
    "model": "auth.permission",
    "pk": 75,
    "fields": {
      "name": "Can delete lesson",
      "content_type": 19,
      "codename": "delete_lesson"
    }
  },
  {
    "model": "auth.permission",
    "pk": 76,
    "fields": {
      "name": "Can view lesson",
      "content_type": 19,
      "codename": "view_lesson"
    }
  },
  {
    "model": "auth.permission",
    "pk": 77,
    "fields": {
      "name": "Can add activity",
      "content_type": 20,
      "codename": "add_activity"
    }
  },
  {
    "model": "auth.permission",
    "pk": 78,
    "fields": {
      "name": "Can change activity",
      "content_type": 20,
      "codename": "change_activity"
    }
  },
  {
    "model": "auth.permission",
    "pk": 79,
    "fields": {
      "name": "Can delete activity",
      "content_type": 20,
      "codename": "delete_activity"
    }
  },
  {
    "model": "auth.permission",
    "pk": 80,
    "fields": {
      "name": "Can view activity",
      "content_type": 20,
      "codename": "view_activity"
    }
  },
  {
    "model": "auth.permission",
    "pk": 81,
    "fields": {
      "name": "Can add questionnaire",
      "content_type": 21,
      "codename": "add_questionnaire"
    }
  },
  {
    "model": "auth.permission",
    "pk": 82,
    "fields": {
      "name": "Can change questionnaire",
      "content_type": 21,
      "codename": "change_questionnaire"
    }
  },
  {
    "model": "auth.permission",
    "pk": 83,
    "fields": {
      "name": "Can delete questionnaire",
      "content_type": 21,
      "codename": "delete_questionnaire"
    }
  },
  {
    "model": "auth.permission",
    "pk": 84,
    "fields": {
      "name": "Can view questionnaire",
      "content_type": 21,
      "codename": "view_questionnaire"
    }
  },
  {
    "model": "auth.permission",
    "pk": 85,
    "fields": {
      "name": "Can add filled questionnaire",
      "content_type": 22,
      "codename": "add_filledquestionnaire"
    }
  },
  {
    "model": "auth.permission",
    "pk": 86,
    "fields": {
      "name": "Can change filled questionnaire",
      "content_type": 22,
      "codename": "change_filledquestionnaire"
    }
  },
  {
    "model": "auth.permission",
    "pk": 87,
    "fields": {
      "name": "Can delete filled questionnaire",
      "content_type": 22,
      "codename": "delete_filledquestionnaire"
    }
  },
  {
    "model": "auth.permission",
    "pk": 88,
    "fields": {
      "name": "Can view filled questionnaire",
      "content_type": 22,
      "codename": "view_filledquestionnaire"
    }
  },
  {
    "model": "auth.permission",
    "pk": 89,
    "fields": {
      "name": "Can add lesson link",
      "content_type": 16,
      "codename": "add_lessonlink"
    }
  },
  {
    "model": "auth.permission",
    "pk": 90,
    "fields": {
      "name": "Can change lesson link",
      "content_type": 16,
      "codename": "change_lessonlink"
    }
  },
  {
    "model": "auth.permission",
    "pk": 91,
    "fields": {
      "name": "Can delete lesson link",
      "content_type": 16,
      "codename": "delete_lessonlink"
    }
  },
  {
    "model": "auth.permission",
    "pk": 92,
    "fields": {
      "name": "Can view lesson link",
      "content_type": 16,
      "codename": "view_lessonlink"
    }
  },
  {
    "model": "auth.permission",
    "pk": 93,
    "fields": {
      "name": "Can add check in",
      "content_type": 23,
      "codename": "add_checkin"
    }
  },
  {
    "model": "auth.permission",
    "pk": 94,
    "fields": {
      "name": "Can change check in",
      "content_type": 23,
      "codename": "change_checkin"
    }
  },
  {
    "model": "auth.permission",
    "pk": 95,
    "fields": {
      "name": "Can delete check in",
      "content_type": 23,
      "codename": "delete_checkin"
    }
  },
  {
    "model": "auth.permission",
    "pk": 96,
    "fields": {
      "name": "Can view check in",
      "content_type": 23,
      "codename": "view_checkin"
    }
  },
  {
    "model": "auth.permission",
    "pk": 97,
    "fields": {
      "name": "Can add feedback",
      "content_type": 8,
      "codename": "add_feedback"
    }
  },
  {
    "model": "auth.permission",
    "pk": 98,
    "fields": {
      "name": "Can change feedback",
      "content_type": 8,
      "codename": "change_feedback"
    }
  },
  {
    "model": "auth.permission",
    "pk": 99,
    "fields": {
      "name": "Can delete feedback",
      "content_type": 8,
      "codename": "delete_feedback"
    }
  },
  {
    "model": "auth.permission",
    "pk": 100,
    "fields": {
      "name": "Can view feedback",
      "content_type": 8,
      "codename": "view_feedback"
    }
  },
  {
    "model": "auth.permission",
    "pk": 101,
    "fields": {
      "name": "Can add activity",
      "content_type": 7,
      "codename": "add_activity"
    }
  },
  {
    "model": "auth.permission",
    "pk": 102,
    "fields": {
      "name": "Can change activity",
      "content_type": 7,
      "codename": "change_activity"
    }
  },
  {
    "model": "auth.permission",
    "pk": 103,
    "fields": {
      "name": "Can delete activity",
      "content_type": 7,
      "codename": "delete_activity"
    }
  },
  {
    "model": "auth.permission",
    "pk": 104,
    "fields": {
      "name": "Can view activity",
      "content_type": 7,
      "codename": "view_activity"
    }
  },
  {
    "model": "auth.permission",
    "pk": 105,
    "fields": {
      "name": "Can add lesson link",
      "content_type": 18,
      "codename": "add_lessonlink"
    }
  },
  {
    "model": "auth.permission",
    "pk": 106,
    "fields": {
      "name": "Can change lesson link",
      "content_type": 18,
      "codename": "change_lessonlink"
    }
  },
  {
    "model": "auth.permission",
    "pk": 107,
    "fields": {
      "name": "Can delete lesson link",
      "content_type": 18,
      "codename": "delete_lessonlink"
    }
  },
  {
    "model": "auth.permission",
    "pk": 108,
    "fields": {
      "name": "Can view lesson link",
      "content_type": 18,
      "codename": "view_lessonlink"
    }
  },
  {
    "model": "auth.permission",
    "pk": 109,
    "fields": {
      "name": "Can add question option",
      "content_type": 12,
      "codename": "add_questionoption"
    }
  },
  {
    "model": "auth.permission",
    "pk": 110,
    "fields": {
      "name": "Can change question option",
      "content_type": 12,
      "codename": "change_questionoption"
    }
  },
  {
    "model": "auth.permission",
    "pk": 111,
    "fields": {
      "name": "Can delete question option",
      "content_type": 12,
      "codename": "delete_questionoption"
    }
  },
  {
    "model": "auth.permission",
    "pk": 112,
    "fields": {
      "name": "Can view question option",
      "content_type": 12,
      "codename": "view_questionoption"
    }
  },
  {
    "model": "auth.permission",
    "pk": 113,
    "fields": {
      "name": "Can add user link",
      "content_type": 14,
      "codename": "add_userlink"
    }
  },
  {
    "model": "auth.permission",
    "pk": 114,
    "fields": {
      "name": "Can change user link",
      "content_type": 14,
      "codename": "change_userlink"
    }
  },
  {
    "model": "auth.permission",
    "pk": 115,
    "fields": {
      "name": "Can delete user link",
      "content_type": 14,
      "codename": "delete_userlink"
    }
  },
  {
    "model": "auth.permission",
    "pk": 116,
    "fields": {
      "name": "Can view user link",
      "content_type": 14,
      "codename": "view_userlink"
    }
  },
  {
    "model": "auth.permission",
    "pk": 117,
    "fields": {
      "name": "Can add lesson",
      "content_type": 10,
      "codename": "add_lesson"
    }
  },
  {
    "model": "auth.permission",
    "pk": 118,
    "fields": {
      "name": "Can change lesson",
      "content_type": 10,
      "codename": "change_lesson"
    }
  },
  {
    "model": "auth.permission",
    "pk": 119,
    "fields": {
      "name": "Can delete lesson",
      "content_type": 10,
      "codename": "delete_lesson"
    }
  },
  {
    "model": "auth.permission",
    "pk": 120,
    "fields": {
      "name": "Can view lesson",
      "content_type": 10,
      "codename": "view_lesson"
    }
  },
  {
    "model": "auth.permission",
    "pk": 121,
    "fields": {
      "name": "Can add vote",
      "content_type": 13,
      "codename": "add_vote"
    }
  },
  {
    "model": "auth.permission",
    "pk": 122,
    "fields": {
      "name": "Can change vote",
      "content_type": 13,
      "codename": "change_vote"
    }
  },
  {
    "model": "auth.permission",
    "pk": 123,
    "fields": {
      "name": "Can delete vote",
      "content_type": 13,
      "codename": "delete_vote"
    }
  },
  {
    "model": "auth.permission",
    "pk": 124,
    "fields": {
      "name": "Can view vote",
      "content_type": 13,
      "codename": "view_vote"
    }
  },
  {
    "model": "auth.permission",
    "pk": 125,
    "fields": {
      "name": "Can add filled questionnaire",
      "content_type": 9,
      "codename": "add_filledquestionnaire"
    }
  },
  {
    "model": "auth.permission",
    "pk": 126,
    "fields": {
      "name": "Can change filled questionnaire",
      "content_type": 9,
      "codename": "change_filledquestionnaire"
    }
  },
  {
    "model": "auth.permission",
    "pk": 127,
    "fields": {
      "name": "Can delete filled questionnaire",
      "content_type": 9,
      "codename": "delete_filledquestionnaire"
    }
  },
  {
    "model": "auth.permission",
    "pk": 128,
    "fields": {
      "name": "Can view filled questionnaire",
      "content_type": 9,
      "codename": "view_filledquestionnaire"
    }
  },
  {
    "model": "auth.permission",
    "pk": 129,
    "fields": {
      "name": "Can add question response",
      "content_type": 16,
      "codename": "add_questionresponse"
    }
  },
  {
    "model": "auth.permission",
    "pk": 130,
    "fields": {
      "name": "Can change question response",
      "content_type": 16,
      "codename": "change_questionresponse"
    }
  },
  {
    "model": "auth.permission",
    "pk": 131,
    "fields": {
      "name": "Can delete question response",
      "content_type": 16,
      "codename": "delete_questionresponse"
    }
  },
  {
    "model": "auth.permission",
    "pk": 132,
    "fields": {
      "name": "Can view question response",
      "content_type": 16,
      "codename": "view_questionresponse"
    }
  },
  {
    "model": "auth.permission",
    "pk": 133,
    "fields": {
      "name": "Can add question",
      "content_type": 11,
      "codename": "add_question"
    }
  },
  {
    "model": "auth.permission",
    "pk": 134,
    "fields": {
      "name": "Can change question",
      "content_type": 11,
      "codename": "change_question"
    }
  },
  {
    "model": "auth.permission",
    "pk": 135,
    "fields": {
      "name": "Can delete question",
      "content_type": 11,
      "codename": "delete_question"
    }
  },
  {
    "model": "auth.permission",
    "pk": 136,
    "fields": {
      "name": "Can view question",
      "content_type": 11,
      "codename": "view_question"
    }
  },
  {
    "model": "auth.permission",
    "pk": 137,
    "fields": {
      "name": "Can add activity group",
      "content_type": 21,
      "codename": "add_activitygroup"
    }
  },
  {
    "model": "auth.permission",
    "pk": 138,
    "fields": {
      "name": "Can change activity group",
      "content_type": 21,
      "codename": "change_activitygroup"
    }
  },
  {
    "model": "auth.permission",
    "pk": 139,
    "fields": {
      "name": "Can delete activity group",
      "content_type": 21,
      "codename": "delete_activitygroup"
    }
  },
  {
    "model": "auth.permission",
    "pk": 140,
    "fields": {
      "name": "Can view activity group",
      "content_type": 21,
      "codename": "view_activitygroup"
    }
  },
  {
    "model": "auth.permission",
    "pk": 141,
    "fields": {
      "name": "Can add check in",
      "content_type": 19,
      "codename": "add_checkin"
    }
  },
  {
    "model": "auth.permission",
    "pk": 142,
    "fields": {
      "name": "Can change check in",
      "content_type": 19,
      "codename": "change_checkin"
    }
  },
  {
    "model": "auth.permission",
    "pk": 143,
    "fields": {
      "name": "Can delete check in",
      "content_type": 19,
      "codename": "delete_checkin"
    }
  },
  {
    "model": "auth.permission",
    "pk": 144,
    "fields": {
      "name": "Can view check in",
      "content_type": 19,
      "codename": "view_checkin"
    }
  },
  {
    "model": "auth.permission",
    "pk": 145,
    "fields": {
      "name": "Can add appointment",
      "content_type": 20,
      "codename": "add_appointment"
    }
  },
  {
    "model": "auth.permission",
    "pk": 146,
    "fields": {
      "name": "Can change appointment",
      "content_type": 20,
      "codename": "change_appointment"
    }
  },
  {
    "model": "auth.permission",
    "pk": 147,
    "fields": {
      "name": "Can delete appointment",
      "content_type": 20,
      "codename": "delete_appointment"
    }
  },
  {
    "model": "auth.permission",
    "pk": 148,
    "fields": {
      "name": "Can view appointment",
      "content_type": 20,
      "codename": "view_appointment"
    }
  },
  {
    "model": "auth.permission",
    "pk": 149,
    "fields": {
      "name": "Can add topic",
      "content_type": 15,
      "codename": "add_topic"
    }
  },
  {
    "model": "auth.permission",
    "pk": 150,
    "fields": {
      "name": "Can change topic",
      "content_type": 15,
      "codename": "change_topic"
    }
  },
  {
    "model": "auth.permission",
    "pk": 151,
    "fields": {
      "name": "Can delete topic",
      "content_type": 15,
      "codename": "delete_topic"
    }
  },
  {
    "model": "auth.permission",
    "pk": 152,
    "fields": {
      "name": "Can view topic",
      "content_type": 15,
      "codename": "view_topic"
    }
  },
  {
    "model": "auth.permission",
    "pk": 153,
    "fields": {
      "name": "Can add questionnaire",
      "content_type": 17,
      "codename": "add_questionnaire"
    }
  },
  {
    "model": "auth.permission",
    "pk": 154,
    "fields": {
      "name": "Can change questionnaire",
      "content_type": 17,
      "codename": "change_questionnaire"
    }
  },
  {
    "model": "auth.permission",
    "pk": 155,
    "fields": {
      "name": "Can delete questionnaire",
      "content_type": 17,
      "codename": "delete_questionnaire"
    }
  },
  {
    "model": "auth.permission",
    "pk": 156,
    "fields": {
      "name": "Can view questionnaire",
      "content_type": 17,
      "codename": "view_questionnaire"
    }
  },
  {
    "model": "auth.permission",
    "pk": 157,
    "fields": {
      "name": "Can add outstanding token",
      "content_type": 23,
      "codename": "add_outstandingtoken"
    }
  },
  {
    "model": "auth.permission",
    "pk": 158,
    "fields": {
      "name": "Can change outstanding token",
      "content_type": 23,
      "codename": "change_outstandingtoken"
    }
  },
  {
    "model": "auth.permission",
    "pk": 159,
    "fields": {
      "name": "Can delete outstanding token",
      "content_type": 23,
      "codename": "delete_outstandingtoken"
    }
  },
  {
    "model": "auth.permission",
    "pk": 160,
    "fields": {
      "name": "Can view outstanding token",
      "content_type": 23,
      "codename": "view_outstandingtoken"
    }
  },
  {
    "model": "auth.permission",
    "pk": 161,
    "fields": {
      "name": "Can add blacklisted token",
      "content_type": 22,
      "codename": "add_blacklistedtoken"
    }
  },
  {
    "model": "auth.permission",
    "pk": 162,
    "fields": {
      "name": "Can change blacklisted token",
      "content_type": 22,
      "codename": "change_blacklistedtoken"
    }
  },
  {
    "model": "auth.permission",
    "pk": 163,
    "fields": {
      "name": "Can delete blacklisted token",
      "content_type": 22,
      "codename": "delete_blacklistedtoken"
    }
  },
  {
    "model": "auth.permission",
    "pk": 164,
    "fields": {
      "name": "Can view blacklisted token",
      "content_type": 22,
      "codename": "view_blacklistedtoken"
    }
  },
  {
    "model": "auth.permission",
    "pk": 165,
    "fields": {
      "name": "Can add cohort",
      "content_type": 24,
      "codename": "add_cohort"
    }
  },
  {
    "model": "auth.permission",
    "pk": 166,
    "fields": {
      "name": "Can change cohort",
      "content_type": 24,
      "codename": "change_cohort"
    }
  },
  {
    "model": "auth.permission",
    "pk": 167,
    "fields": {
      "name": "Can delete cohort",
      "content_type": 24,
      "codename": "delete_cohort"
    }
  },
  {
    "model": "auth.permission",
    "pk": 168,
    "fields": {
      "name": "Can view cohort",
      "content_type": 24,
      "codename": "view_cohort"
    }
  },
  {
    "model": "auth.group",
    "pk": 1,
    "fields": {
      "name": "Quebec",
      "permissions": []
    }
  },
  {
    "model": "auth.group",
    "pk": 2,
    "fields": {
      "name": "Papa",
      "permissions": []
    }
  },
  {
    "model": "auth.group",
    "pk": 3,
    "fields": {
      "name": "November",
      "permissions": []
    }
  },
  {
    "model": "contenttypes.contenttype",
    "id": 1,
    "fields": {
      "app_label": "admin",
      "model": "logentry"
    }
  },
  {
    "model": "contenttypes.contenttype",
    "id": 2,
    "fields": {
      "app_label": "auth",
      "model": "permission"
    }
  },
  {
    "model": "contenttypes.contenttype",
    "id": 3,
    "fields": {
      "app_label": "auth",
      "model": "group"
    }
  },
  {
    "model": "contenttypes.contenttype",
    "id": 4,
    "fields": {
      "app_label": "contenttypes",
      "model": "contenttype"
    }
  },
  {
    "model": "contenttypes.contenttype",
    "id": 5,
    "fields": {
      "app_label": "sessions",
      "model": "session"
    }
  },
  {
    "model": "contenttypes.contenttype",
    "id": 6,
    "fields": {
      "app_label": "app",
      "model": "user"
    }
  },
  {
    "model": "contenttypes.contenttype",
    "id": 7,
    "fields": {
      "app_label": "app",
      "model": "activity"
    }
  },
  {
    "model": "contenttypes.contenttype",
    "id": 8,
    "fields": {
      "app_label": "app",
      "model": "feedback"
    }
  },
  {
    "model": "contenttypes.contenttype",
    "id": 9,
    "fields": {
      "app_label": "app",
      "model": "filledquestionnaire"
    }
  },
  {
    "model": "contenttypes.contenttype",
    "id": 10,
    "fields": {
      "app_label": "app",
      "model": "lesson"
    }
  },
  {
    "model": "contenttypes.contenttype",
    "id": 11,
    "fields": {
      "app_label": "app",
      "model": "question"
    }
  },
  {
    "model": "contenttypes.contenttype",
    "id": 12,
    "fields": {
      "app_label": "app",
      "model": "questionoption"
    }
  },
  {
    "model": "contenttypes.contenttype",
    "id": 13,
    "fields": {
      "app_label": "app",
      "model": "vote"
    }
  },
  {
    "model": "contenttypes.contenttype",
    "id": 14,
    "fields": {
      "app_label": "app",
      "model": "userlink"
    }
  },
  {
    "model": "contenttypes.contenttype",
    "id": 15,
    "fields": {
      "app_label": "app",
      "model": "topic"
    }
  },
  {
    "model": "contenttypes.contenttype",
    "id": 16,
    "fields": {
      "app_label": "app",
      "model": "questionresponse"
    }
  },
  {
    "model": "contenttypes.contenttype",
    "id": 17,
    "fields": {
      "app_label": "app",
      "model": "questionnaire"
    }
  },
  {
    "model": "contenttypes.contenttype",
    "id": 18,
    "fields": {
      "app_label": "app",
      "model": "lessonlink"
    }
  },
  {
    "model": "contenttypes.contenttype",
    "id": 19,
    "fields": {
      "app_label": "app",
      "model": "checkin"
    }
  },
  {
    "model": "contenttypes.contenttype",
    "id": 20,
    "fields": {
      "app_label": "app",
      "model": "appointment"
    }
  },
  {
    "model": "contenttypes.contenttype",
    "id": 21,
    "fields": {
      "app_label": "app",
      "model": "activitygroup"
    }
  },
  {
    "model": "contenttypes.contenttype",
    "id": 22,
    "fields": {
      "app_label": "token_blacklist",
      "model": "blacklistedtoken"
    }
  },
  {
    "model": "contenttypes.contenttype",
    "id": 23,
    "fields": {
      "app_label": "token_blacklist",
      "model": "outstandingtoken"
    }
  },
  {
    "model": "contenttypes.contenttype",
    "id": 24,
    "fields": {
      "app_label": "app",
      "model": "cohort"
    }
  },
  {
    "model": "sessions.session",
    "pk": "ozxi963skn6p18bs2k4l5gmvuglg5n0y",
    "fields": {
      "session_data": ".eJxVjDsOwyAQBe9CHSG-S0iZ3mdAmF2CkwgkY1dR7m5bcpG0b2beh4W4LiWsneYwIbsxyS6_2xjTi-oB8Bnro_HU6jJPIz8UftLOh4b0vp_u30GJvew1gbTZoSYgiSiVQQtGCYMOSNlkck4RtPfgtUNpQTsnhEDlr5C19Zl9N9S9Nv4:1nkX9F:i5gcYBIao0ka0RVHwFMv9wR3gXxeFNq3IZ6Jr8Z-2CU",
      "expire_date": "2022-05-13T20:23:29.506Z"
    }
  },
  {
    "model": "app.user",
    "pk": 1,
    "fields": {
      "password": "pbkdf2_sha256$320000$HTTeB6msJ6Q275BFVtFyGY$Zle1E+Fi506NZx6xPqIZuJJbnpX5gQwTvx4l4UEN23Y=",
      "last_login": "2022-04-29T20:23:29Z",
      "is_superuser": true,
      "username": "admin",
      "first_name": "",
      "last_name": "",
      "email": "",
      "is_staff": true,
      "is_active": true,
      "date_joined": "2022-04-29T20:23:18Z",
      "avatar": "me-small.png",
      "metadata": null,
      "default_group": null,
      "timezone": "CST",
      "groups": [],
      "user_permissions": []
    }
  },
  {
    "model": "app.user",
    "pk": 2,
    "fields": {
      "password": "pbkdf2_sha256$320000$7eNwVKJOZvPtl1TRcZE6Zl$3EhHwvVamwzmCO4r801NzoG6qHjbf8DPRICjNBc48Ko=",
      "last_login": null,
      "is_superuser": true,
      "username": "ankur@codeplatoon.org",
      "first_name": "Ankur",
      "last_name": "Shah",
      "email": "ankur@codeplatoon.org",
      "is_staff": true,
      "is_active": true,
      "date_joined": "2022-05-01T13:29:44Z",
      "avatar": "default.png",
      "metadata": null,
      "default_group": 1,
      "timezone": "CST",
      "groups": [
        1,
        3
      ],
      "user_permissions": []
    }
  },
  {
    "model": "app.user",
    "pk": 3,
    "fields": {
      "password": "pbkdf2_sha256$320000$Im8rnH8wyp4UVRspcBBMNc$kYuEtnCs1nOKQsvWdbHZ78Knznpuj3wmAWtt6I2TXqw=",
      "last_login": null,
      "is_superuser": true,
      "username": "raphael@codeplatoon.org",
      "first_name": "Raphael",
      "last_name": "Serota",
      "email": "raphael@codeplatoon.org",
      "is_staff": true,
      "is_active": true,
      "date_joined": "2022-05-01T13:30:00Z",
      "avatar": "default.png",
      "metadata": null,
      "default_group": 1,
      "timezone": "CST",
      "groups": [
        1,
        2
      ],
      "user_permissions": []
    }
  },
  {
    "model": "app.user",
    "pk": 4,
    "fields": {
      "password": "pbkdf2_sha256$320000$rxlYMI7IROSM7jgrrYNYdE$pfS9QxgHjEfG9bGW/zqDWD+GNXDF+tLfno37l5XGats=",
      "last_login": null,
      "is_superuser": true,
      "username": "jon@codeplatoon.org",
      "first_name": "Jonathan",
      "last_name": "Young",
      "email": "jon@codeplatoon.org",
      "is_staff": true,
      "is_active": true,
      "date_joined": "2022-05-01T13:30:30Z",
      "avatar": "default.png",
      "metadata": null,
      "default_group": null,
      "timezone": "CST",
      "groups": [],
      "user_permissions": []
    }
  },
  {
    "model": "app.user",
    "pk": 5,
    "fields": {
      "password": "pbkdf2_sha256$320000$lS4ozFtv1Gdj1qqOwPOc5x$j/C10gCOX90VynQRpQcVaXI2/neHQ0jnf29KPb/zbVY=",
      "last_login": null,
      "is_superuser": true,
      "username": "rod@codeplatoon.org",
      "first_name": "Rodrigo",
      "last_name": "Levy",
      "email": "rod@codeplatoon.org",
      "is_staff": true,
      "is_active": true,
      "date_joined": "2022-05-01T13:30:40Z",
      "avatar": "default.png",
      "metadata": null,
      "default_group": null,
      "timezone": "CST",
      "groups": [],
      "user_permissions": []
    }
  },
  {
    "model": "app.user",
    "pk": 6,
    "fields": {
      "password": "pbkdf2_sha256$320000$quqZKdyq2n7ks4HJXSIonc$tdYqdlzhkiaeTQATuzsmwkeB+jIb4RpKsHPyY63s9EU=",
      "last_login": null,
      "is_superuser": false,
      "username": "quebec_student_1@email.com",
      "first_name": "Q One",
      "last_name": "Student",
      "email": "quebec_student_1@email.com",
      "is_staff": false,
      "is_active": true,
      "date_joined": "2022-05-01T14:04:11Z",
      "avatar": "default.png",
      "metadata": null,
      "default_group": 1,
      "timezone": "CST",
      "groups": [
        1
      ],
      "user_permissions": []
    }
  },
  {
    "model": "app.user",
    "pk": 7,
    "fields": {
      "password": "pbkdf2_sha256$320000$2ZPGFr5ZDcQH39qXBuxymh$pY8afbT8hesLJVc3K9r5Db306xp5Szaixz0OFwVkoEo=",
      "last_login": null,
      "is_superuser": false,
      "username": "quebec_student_2@email.com",
      "first_name": "Q Two",
      "last_name": "Student",
      "email": "quebec_student_2@email.com",
      "is_staff": false,
      "is_active": true,
      "date_joined": "2022-05-01T14:04:25Z",
      "avatar": "default.png",
      "metadata": null,
      "default_group": 1,
      "timezone": "CST",
      "groups": [
        1
      ],
      "user_permissions": []
    }
  },
  {
    "model": "app.user",
    "pk": 8,
    "fields": {
      "password": "pbkdf2_sha256$320000$rDFJ0FZ91frpH0MyCXoEzn$o8AVXi9tZ5cdUYewqc41/CIGjnSYImxxN5Lp6pTXLkQ=",
      "last_login": null,
      "is_superuser": false,
      "username": "quebec_student_3@email.com",
      "first_name": "Q Three",
      "last_name": "Student",
      "email": "quebec_student_3@email.com",
      "is_staff": false,
      "is_active": true,
      "date_joined": "2022-05-01T14:04:48Z",
      "avatar": "default.png",
      "metadata": null,
      "default_group": 1,
      "timezone": "CST",
      "groups": [
        1
      ],
      "user_permissions": []
    }
  },
  {
    "model": "app.user",
    "pk": 9,
    "fields": {
      "password": "pbkdf2_sha256$320000$DfToUKAC9NJmkPziAcR4iI$xq11axaIEZCbnbj8b4augoKQyyIzo21edvWk80hRreQ=",
      "last_login": null,
      "is_superuser": false,
      "username": "quebec_student_4@email.com",
      "first_name": "Q Four",
      "last_name": "Student",
      "email": "quebec_student_4@email.com",
      "is_staff": false,
      "is_active": true,
      "date_joined": "2022-05-01T14:05:14Z",
      "avatar": "default.png",
      "metadata": null,
      "default_group": 1,
      "timezone": "CST",
      "groups": [
        1
      ],
      "user_permissions": []
    }
  },
  {
    "model": "app.user",
    "pk": 10,
    "fields": {
      "password": "pbkdf2_sha256$320000$xBblTmUuuOwonN0ZHbkApi$hTp9ImamuYnAKSfQk/wSTTnbpGM6uX+l/VN8AxbqlIg=",
      "last_login": null,
      "is_superuser": false,
      "username": "quebec_student_5@email.com",
      "first_name": "Q Five",
      "last_name": "Student",
      "email": "quebec_student_5@email.com",
      "is_staff": false,
      "is_active": true,
      "date_joined": "2022-05-01T14:05:26Z",
      "avatar": "default.png",
      "metadata": null,
      "default_group": 1,
      "timezone": "CST",
      "groups": [
        1
      ],
      "user_permissions": []
    }
  },
  {
    "model": "app.user",
    "pk": 11,
    "fields": {
      "password": "pbkdf2_sha256$320000$wE8cvy4TWouMeWBv4uZksC$FkYfnqVqkKVFsrLspLKt4m91dOzJWhqi2/PJaxPuK3g=",
      "last_login": null,
      "is_superuser": false,
      "username": "quebec_student_6@email.com",
      "first_name": "Q Six",
      "last_name": "Student",
      "email": "quebec_student_6@email.com",
      "is_staff": false,
      "is_active": true,
      "date_joined": "2022-05-01T14:05:37Z",
      "avatar": "default.png",
      "metadata": null,
      "default_group": 1,
      "timezone": "CST",
      "groups": [
        1
      ],
      "user_permissions": []
    }
  },
  {
    "model": "app.user",
    "pk": 12,
    "fields": {
      "password": "pbkdf2_sha256$320000$l9JOzrRBkFPEEchn1UqYzU$KddMnj3mgAye9w5Q/qR9LMji56ifbWpqyU9zhtzOdgM=",
      "last_login": null,
      "is_superuser": false,
      "username": "quebec_ta_1@email.com",
      "first_name": "Q TA 1",
      "last_name": "TA 1",
      "email": "quebec_ta_1@email.com",
      "is_staff": true,
      "is_active": true,
      "date_joined": "2022-05-01T14:05:56Z",
      "avatar": "default.png",
      "metadata": null,
      "default_group": 1,
      "timezone": "CST",
      "groups": [
        1
      ],
      "user_permissions": []
    }
  },
  {
    "model": "app.user",
    "pk": 13,
    "fields": {
      "password": "pbkdf2_sha256$320000$u3ZIfpi18rMgsYQdg2ZEvx$uZuaT8P+EmkhgZPzyhNgkVlVYM8aQJmU4az+SIrKFbU=",
      "last_login": null,
      "is_superuser": false,
      "username": "quebec_ta_2@email.com",
      "first_name": "Q TA 2",
      "last_name": "TA 2",
      "email": "quebec_ta_2@email.com",
      "is_staff": true,
      "is_active": true,
      "date_joined": "2022-05-01T14:06:09Z",
      "avatar": "default.png",
      "metadata": null,
      "default_group": 1,
      "timezone": "CST",
      "groups": [
        1
      ],
      "user_permissions": []
    }
  },
  {
    "model": "app.user",
    "pk": 14,
    "fields": {
      "password": "pbkdf2_sha256$320000$CcDNRPJXu2w4tH0tnIYunu$2XOKxMRjg3Hw8Hy74QAkmAm1L2xfdv400vh5ZWE/DgI=",
      "last_login": null,
      "is_superuser": false,
      "username": "papa_student_1@email.com",
      "first_name": "P One",
      "last_name": "Student",
      "email": "papa_student_1@email.com",
      "is_staff": false,
      "is_active": true,
      "date_joined": "2022-05-01T14:11:04Z",
      "avatar": "default.png",
      "metadata": null,
      "default_group": 2,
      "timezone": "CST",
      "groups": [
        2
      ],
      "user_permissions": []
    }
  },
  {
    "model": "app.user",
    "pk": 15,
    "fields": {
      "password": "pbkdf2_sha256$320000$5gcR3c4GcNzi5kKc33xN8j$OwJRniSTkiNZep38HhsrhxEpNZON+mrlWxrsX8K45Mg=",
      "last_login": null,
      "is_superuser": false,
      "username": "papa_student_2@email.com",
      "first_name": "P Two",
      "last_name": "Student",
      "email": "papa_student_2@email.com",
      "is_staff": false,
      "is_active": true,
      "date_joined": "2022-05-01T14:11:16Z",
      "avatar": "default.png",
      "metadata": null,
      "default_group": 2,
      "timezone": "CST",
      "groups": [
        2
      ],
      "user_permissions": []
    }
  },
  {
    "model": "app.user",
    "pk": 16,
    "fields": {
      "password": "pbkdf2_sha256$320000$oTnhtTG9x85GTr11tP0QGG$9yBBzcSmEep90BPDuz6Xpg0xpFKTxUVYuyHuB48kHBA=",
      "last_login": null,
      "is_superuser": false,
      "username": "papa_ta_1@email.com",
      "first_name": "P TA 1",
      "last_name": "P TA 1",
      "email": "papa_ta_1@email.com",
      "is_staff": false,
      "is_active": true,
      "date_joined": "2022-05-01T14:11:33Z",
      "avatar": "default.png",
      "metadata": null,
      "default_group": 2,
      "timezone": "CST",
      "groups": [
        2
      ],
      "user_permissions": []
    }
  },
  {
    "model": "app.user",
    "pk": 19,
    "fields": {
      "password": "pbkdf2_sha256$320000$9ZjwohzoWerFUOnl89UJ6c$aWBiNhmltbCczevn1mfh2OqsEd9sNL91Vw8gend5VJU=",
      "last_login": null,
      "is_superuser": false,
      "username": "abc",
      "first_name": "John",
      "last_name": "Doe",
      "email": "abc",
      "is_staff": false,
      "is_active": true,
      "date_joined": "2022-05-01T15:32:23.142Z",
      "avatar": "default.png",
      "metadata": {
        "cohort_requested": "1"
      },
      "default_group": null,
      "timezone": "CST",
      "groups": [],
      "user_permissions": []
    }
  },
  {
    "model": "app.userlink",
    "pk": 1,
    "fields": {
      "user": 2,
      "name": "Linked In",
      "is_public": true,
      "url": "https://www.linkedin.com/in/shah-ankur/",
      "link_type": 1
    }
  },
  {
    "model": "app.userlink",
    "pk": 2,
    "fields": {
      "user": 3,
      "name": "Linked In",
      "is_public": true,
      "url": "https://www.linkedin.com/in/raphael-serota/",
      "link_type": 1
    }
  },
  {
    "model": "app.userlink",
    "pk": 3,
    "fields": {
      "user": 6,
      "name": "Linked In",
      "is_public": true,
      "url": "https://www.linkedin.com/in/",
      "link_type": 1
    }
  },
  {
    "model": "app.userlink",
    "pk": 4,
    "fields": {
      "user": 4,
      "name": "https://www.linkedin.com/",
      "is_public": true,
      "url": "https://www.linkedin.com/",
      "link_type": 1
    }
  },
  {
    "model": "app.userlink",
    "pk": 5,
    "fields": {
      "user": 14,
      "name": "https://www.linkedin.com/",
      "is_public": true,
      "url": "https://www.linkedin.com/",
      "link_type": 1
    }
  },
  {
    "model": "app.userlink",
    "pk": 6,
    "fields": {
      "user": 15,
      "name": "https://www.linkedin.com/",
      "is_public": true,
      "url": "https://www.linkedin.com/",
      "link_type": 1
    }
  },
  {
    "model": "app.userlink",
    "pk": 7,
    "fields": {
      "user": 16,
      "name": "https://www.linkedin.com/",
      "is_public": true,
      "url": "https://www.linkedin.com/",
      "link_type": 1
    }
  },
  {
    "model": "app.userlink",
    "pk": 9,
    "fields": {
      "user": 7,
      "name": "https://www.linkedin.com/",
      "is_public": true,
      "url": "https://www.linkedin.com/",
      "link_type": 1
    }
  },
  {
    "model": "app.userlink",
    "pk": 10,
    "fields": {
      "user": 12,
      "name": "https://www.linkedin.com/",
      "is_public": true,
      "url": "https://www.linkedin.com/",
      "link_type": 1
    }
  },
  {
    "model": "app.userlink",
    "pk": 11,
    "fields": {
      "user": 13,
      "name": "https://www.linkedin.com/",
      "is_public": true,
      "url": "https://www.linkedin.com/",
      "link_type": 1
    }
  },
  {
    "model": "app.userlink",
    "pk": 12,
    "fields": {
      "user": 5,
      "name": "https://www.linkedin.com/",
      "is_public": true,
      "url": "https://www.linkedin.com/",
      "link_type": 1
    }
  },
  {
    "model": "app.userlink",
    "pk": 13,
    "fields": {
      "user": 2,
      "name": "GitHub",
      "is_public": true,
      "url": "https://github.com/ankur-cp",
      "link_type": 2
    }
  },
  {
    "model": "app.userlink",
    "pk": 14,
    "fields": {
      "user": 4,
      "name": "https://github.com/",
      "is_public": true,
      "url": "https://github.com/",
      "link_type": 2
    }
  },
  {
    "model": "app.userlink",
    "pk": 15,
    "fields": {
      "user": 14,
      "name": "https://github.com/",
      "is_public": true,
      "url": "https://github.com/",
      "link_type": 2
    }
  },
  {
    "model": "app.userlink",
    "pk": 16,
    "fields": {
      "user": 15,
      "name": "https://github.com/",
      "is_public": true,
      "url": "https://github.com/",
      "link_type": 2
    }
  },
  {
    "model": "app.userlink",
    "pk": 17,
    "fields": {
      "user": 16,
      "name": "https://github.com/",
      "is_public": true,
      "url": "https://github.com/",
      "link_type": 2
    }
  },
  {
    "model": "app.userlink",
    "pk": 18,
    "fields": {
      "user": 6,
      "name": "https://github.com/",
      "is_public": true,
      "url": "https://github.com/",
      "link_type": 2
    }
  },
  {
    "model": "app.userlink",
    "pk": 19,
    "fields": {
      "user": 7,
      "name": "https://github.com/",
      "is_public": true,
      "url": "https://github.com/",
      "link_type": 2
    }
  },
  {
    "model": "app.userlink",
    "pk": 20,
    "fields": {
      "user": 7,
      "name": "https://github.com/",
      "is_public": true,
      "url": "https://github.com/",
      "link_type": 2
    }
  },
  {
    "model": "app.userlink",
    "pk": 21,
    "fields": {
      "user": 8,
      "name": "https://github.com/",
      "is_public": true,
      "url": "https://github.com/",
      "link_type": 2
    }
  },
  {
    "model": "app.userlink",
    "pk": 22,
    "fields": {
      "user": 9,
      "name": "https://github.com/",
      "is_public": true,
      "url": "https://github.com/",
      "link_type": 2
    }
  },
  {
    "model": "app.userlink",
    "pk": 23,
    "fields": {
      "user": 10,
      "name": "https://github.com/",
      "is_public": true,
      "url": "https://github.com/",
      "link_type": 2
    }
  },
  {
    "model": "app.userlink",
    "pk": 24,
    "fields": {
      "user": 11,
      "name": "https://github.com/",
      "is_public": true,
      "url": "https://github.com/",
      "link_type": 2
    }
  },
  {
    "model": "app.userlink",
    "pk": 25,
    "fields": {
      "user": 12,
      "name": "https://github.com/",
      "is_public": true,
      "url": "https://github.com/",
      "link_type": 2
    }
  },
  {
    "model": "app.userlink",
    "pk": 26,
    "fields": {
      "user": 13,
      "name": "https://github.com/",
      "is_public": true,
      "url": "https://github.com/",
      "link_type": 2
    }
  },
  {
    "model": "app.userlink",
    "pk": 27,
    "fields": {
      "user": 3,
      "name": "https://github.com/",
      "is_public": true,
      "url": "https://github.com/",
      "link_type": 2
    }
  },
  {
    "model": "app.userlink",
    "pk": 28,
    "fields": {
      "user": 5,
      "name": "https://github.com/",
      "is_public": true,
      "url": "https://github.com/",
      "link_type": 2
    }
  },
  {
    "model": "app.checkin",
    "pk": 1,
    "fields": {
      "date": "2022-05-01",
      "group": 1,
      "user": [
        6
      ]
    }
  },
  {
    "model": "app.checkin",
    "pk": 5,
    "fields": {
      "date": "2022-05-02",
      "group": 1,
      "user": [
        6
      ]
    }
  },
  {
    "model": "app.topic",
    "pk": 1,
    "fields": {
      "group": 1,
      "title": "Javascript",
      "description": "",
      "sub_topics": [
        11
      ]
    }
  },
  {
    "model": "app.topic",
    "pk": 2,
    "fields": {
      "group": 1,
      "title": "CLI (Command Line Interface)",
      "description": "",
      "sub_topics": [
        3,
        4
      ]
    }
  },
  {
    "model": "app.topic",
    "pk": 3,
    "fields": {
      "group": 1,
      "title": "GIT",
      "description": "",
      "sub_topics": [
        2
      ]
    }
  },
  {
    "model": "app.topic",
    "pk": 4,
    "fields": {
      "group": 1,
      "title": "Linux",
      "description": "",
      "sub_topics": [
        2
      ]
    }
  },
  {
    "model": "app.topic",
    "pk": 5,
    "fields": {
      "group": 1,
      "title": "HTML/CSS",
      "description": "",
      "sub_topics": []
    }
  },
  {
    "model": "app.topic",
    "pk": 6,
    "fields": {
      "group": 1,
      "title": "Databases/SQL",
      "description": "",
      "sub_topics": []
    }
  },
  {
    "model": "app.topic",
    "pk": 7,
    "fields": {
      "group": 1,
      "title": "Python",
      "description": "",
      "sub_topics": []
    }
  },
  {
    "model": "app.topic",
    "pk": 8,
    "fields": {
      "group": 1,
      "title": "Django",
      "description": "",
      "sub_topics": []
    }
  },
  {
    "model": "app.topic",
    "pk": 9,
    "fields": {
      "group": 1,
      "title": "React",
      "description": "",
      "sub_topics": []
    }
  },
  {
    "model": "app.topic",
    "pk": 10,
    "fields": {
      "group": 1,
      "title": "APIs",
      "description": "",
      "sub_topics": []
    }
  },
  {
    "model": "app.topic",
    "pk": 11,
    "fields": {
      "group": 1,
      "title": "JavaScript Fundamentals",
      "description": "",
      "sub_topics": [
        1
      ]
    }
  },
  {
    "model": "app.lesson",
    "pk": 3,
    "fields": {
      "topic": 1,
      "title": "Javascript Intro",
      "description": "",
      "lesson_file_path": null,
      "img_url": null,
      "date": "2022-01-31",
      "start_time": "2022-01-31T09:00:00Z",
      "stop_time": "2022-01-31T10:00:00Z"
    }
  },
  {
    "model": "app.lesson",
    "pk": 4,
    "fields": {
      "topic": 2,
      "title": "Intro to the command line",
      "description": "",
      "lesson_file_path": null,
      "img_url": null,
      "date": "2022-01-31",
      "start_time": "2022-01-31T10:00:00Z",
      "stop_time": "2022-01-31T11:00:00Z"
    }
  },
  {
    "model": "app.lesson",
    "pk": 5,
    "fields": {
      "topic": 3,
      "title": "GIT intro",
      "description": "",
      "lesson_file_path": null,
      "img_url": null,
      "date": "2022-01-31",
      "start_time": "2022-01-31T11:00:00Z",
      "stop_time": "2022-01-31T12:00:00Z"
    }
  },
  {
    "model": "app.lesson",
    "pk": 6,
    "fields": {
      "topic": 11,
      "title": "Javascript Fundamentals",
      "description": "",
      "lesson_file_path": null,
      "img_url": null,
      "date": "2022-02-01",
      "start_time": "2022-02-01T09:00:00Z",
      "stop_time": "2022-02-01T12:00:00Z"
    }
  },
  {
    "model": "app.lessonlink",
    "pk": 1,
    "fields": {
      "lesson": 4,
      "url": "https://github.com/quebecplatoon/misc-command-line",
      "description": "",
      "link_type": 0
    }
  },
  {
    "model": "app.lessonlink",
    "pk": 2,
    "fields": {
      "lesson": 3,
      "url": "https://github.com/quebecplatoon/algo-99-bottles",
      "description": "",
      "link_type": 1
    }
  },
  {
    "model": "app.lessonlink",
    "pk": 3,
    "fields": {
      "lesson": 3,
      "url": "https://github.com/quebecplatoon/algo-deaf-grandma",
      "description": "",
      "link_type": 1
    }
  },
  {
    "model": "app.lessonlink",
    "pk": 4,
    "fields": {
      "lesson": 6,
      "url": "https://github.com/quebecplatoon/curriculum/blob/master/page-resources/JSFundamentalsDay1.pdf",
      "description": "",
      "link_type": 0
    }
  },
  {
    "model": "app.lessonlink",
    "pk": 5,
    "fields": {
      "lesson": 6,
      "url": "https://www.w3schools.com/jsref/jsref_obj_array.asp",
      "description": "built in array methods",
      "link_type": 0
    }
  },
  {
    "model": "app.lessonlink",
    "pk": 6,
    "fields": {
      "lesson": 6,
      "url": "https://developer.mozilla.org/en-US/docs/Web/JavaScript/Reference/Global_Objects/Array",
      "description": "mdn arrays",
      "link_type": 0
    }
  },
  {
    "model": "app.lessonlink",
    "pk": 7,
    "fields": {
      "lesson": 6,
      "url": "https://education.github.com/git-cheat-sheet-education.pdf",
      "description": "Git cheat sheet",
      "link_type": 0
    }
  },
  {
    "model": "app.lessonlink",
    "pk": 8,
    "fields": {
      "lesson": 6,
      "url": "http://algorithm.wiki/en/app/",
      "description": "algo app",
      "link_type": 0
    }
  },
  {
    "model": "app.lessonlink",
    "pk": 9,
    "fields": {
      "lesson": 6,
      "url": "https://github.com/quebecplatoon/curriculum/blob/master/page-resources/keyboard-setup.png",
      "description": "keyboard setup for mac",
      "link_type": 0
    }
  },
  {
    "model": "app.lessonlink",
    "pk": 10,
    "fields": {
      "lesson": 6,
      "url": "https://github.com/quebecplatoon/curriculum/blob/master/page-resources/javascript_control_flow.pdf",
      "description": "JS Fundamentals",
      "link_type": 0
    }
  },
  {
    "model": "app.lessonlink",
    "pk": 11,
    "fields": {
      "lesson": 6,
      "url": "https://github.com/quebecplatoon/algo-roman-numerals",
      "description": "",
      "link_type": 1
    }
  },
  {
    "model": "app.lessonlink",
    "pk": 12,
    "fields": {
      "lesson": 6,
      "url": "http://learngitbranching.js.org/",
      "description": "",
      "link_type": 1
    }
  },
  {
    "model": "app.lessonlink",
    "pk": 13,
    "fields": {
      "lesson": 6,
      "url": "https://github.com/quebecplatoon/algo-factorial",
      "description": "",
      "link_type": 1
    }
  },
  {
    "model": "app.lessonlink",
    "pk": 14,
    "fields": {
      "lesson": 6,
      "url": "https://github.com/quebecplatoon/algo-factorial",
      "description": "",
      "link_type": 1
    }
  },
  {
    "model": "app.lessonlink",
    "pk": 15,
    "fields": {
      "lesson": 6,
      "url": "https://github.com/quebecplatoon/algo-fibonacci",
      "description": "",
      "link_type": 1
    }
  },
  {
    "model": "app.lessonlink",
    "pk": 16,
    "fields": {
      "lesson": 6,
      "url": "https://github.com/quebecplatoon/algo-linear-search",
      "description": "",
      "link_type": 1
    }
  },
  {
    "model": "app.cohort",
    "pk": 1,
    "fields": {
      "github_key": "5554565dd",
      "metadata": null,
      "calendar_key": null
    }
  },
  {
    "model": "token_blacklist.outstandingtoken",
    "pk": 1,
    "fields": {
      "user": 1,
      "jti": "c3c197f302e14c1fa4a872e62743bc0d",
      "token": "eyJ0eXAiOiJKV1QiLCJhbGciOiJIUzI1NiJ9.eyJ0b2tlbl90eXBlIjoicmVmcmVzaCIsImV4cCI6MTY1OTEwNTUwNSwiaWF0IjoxNjUxMzI5NTA1LCJqdGkiOiJjM2MxOTdmMzAyZTE0YzFmYTRhODcyZTYyNzQzYmMwZCIsInVzZXJfaWQiOjF9.vJWiNa-pzs_VWV7PbonylTaChURzyv7EHC41OW333hs",
      "created_at": "2022-04-30T14:38:25.650Z",
      "expires_at": "2022-07-29T14:38:25Z"
    }
  },
  {
    "model": "token_blacklist.outstandingtoken",
    "pk": 2,
    "fields": {
      "user": 1,
      "jti": "4b7454fa6555479caca1bd199c25cb17",
      "token": "eyJ0eXAiOiJKV1QiLCJhbGciOiJIUzI1NiJ9.eyJ0b2tlbl90eXBlIjoicmVmcmVzaCIsImV4cCI6MTY1OTExMDUxNSwiaWF0IjoxNjUxMzM0NTE1LCJqdGkiOiI0Yjc0NTRmYTY1NTU0NzljYWNhMWJkMTk5YzI1Y2IxNyIsInVzZXJfaWQiOjF9.CCp0JiC2GKbC-UQm2xt05Pzv9RIxDH_cJdP3GCdaJMA",
      "created_at": "2022-04-30T16:01:55.588Z",
      "expires_at": "2022-07-29T16:01:55Z"
    }
  },
  {
    "model": "token_blacklist.outstandingtoken",
    "pk": 3,
    "fields": {
      "user": 1,
      "jti": "16c106a597c14db5913c650e1818e2d3",
      "token": "eyJ0eXAiOiJKV1QiLCJhbGciOiJIUzI1NiJ9.eyJ0b2tlbl90eXBlIjoicmVmcmVzaCIsImV4cCI6MTY1OTExMDU1NCwiaWF0IjoxNjUxMzM0NTU0LCJqdGkiOiIxNmMxMDZhNTk3YzE0ZGI1OTEzYzY1MGUxODE4ZTJkMyIsInVzZXJfaWQiOjF9.KxIiHTFExwarsvG7a6P5Mewx4hJHyqfU9trpHPADsiY",
      "created_at": "2022-04-30T16:02:34.965Z",
      "expires_at": "2022-07-29T16:02:34Z"
    }
  },
  {
    "model": "token_blacklist.outstandingtoken",
    "pk": 4,
    "fields": {
      "user": 1,
      "jti": "343c7721db3e43d09aeaeff3bc453e9e",
      "token": "eyJ0eXAiOiJKV1QiLCJhbGciOiJIUzI1NiJ9.eyJ0b2tlbl90eXBlIjoicmVmcmVzaCIsImV4cCI6MTY1OTExMDY2OCwiaWF0IjoxNjUxMzM0NjY4LCJqdGkiOiIzNDNjNzcyMWRiM2U0M2QwOWFlYWVmZjNiYzQ1M2U5ZSIsInVzZXJfaWQiOjF9.eJftFiugBzXUxNJbu-uzWHuCXGiI6mVuHYm8mK-mIM4",
      "created_at": "2022-04-30T16:04:28.830Z",
      "expires_at": "2022-07-29T16:04:28Z"
    }
  },
  {
    "model": "token_blacklist.outstandingtoken",
    "pk": 5,
    "fields": {
      "user": 1,
      "jti": "847035bd754946d7a66360c41c60c9eb",
      "token": "eyJ0eXAiOiJKV1QiLCJhbGciOiJIUzI1NiJ9.eyJ0b2tlbl90eXBlIjoicmVmcmVzaCIsImV4cCI6MTY1OTExMDczMCwiaWF0IjoxNjUxMzM0NzMwLCJqdGkiOiI4NDcwMzViZDc1NDk0NmQ3YTY2MzYwYzQxYzYwYzllYiIsInVzZXJfaWQiOjF9.ThneDkQ2DDF1H743ERmHKf0NbfDvMAAZuH66pEuMl_I",
      "created_at": "2022-04-30T16:05:30.080Z",
      "expires_at": "2022-07-29T16:05:30Z"
    }
  },
  {
    "model": "token_blacklist.outstandingtoken",
    "pk": 6,
    "fields": {
      "user": 1,
      "jti": "ee6f4367769a404fa9f3aa46a9c4c4cd",
      "token": "eyJ0eXAiOiJKV1QiLCJhbGciOiJIUzI1NiJ9.eyJ0b2tlbl90eXBlIjoicmVmcmVzaCIsImV4cCI6MTY1OTExMDgxMywiaWF0IjoxNjUxMzM0ODEzLCJqdGkiOiJlZTZmNDM2Nzc2OWE0MDRmYTlmM2FhNDZhOWM0YzRjZCIsInVzZXJfaWQiOjF9.mnTN9Hy607ybjP9yDTOVuh-RqQzbKcMZJ1wKdI7qoLU",
      "created_at": "2022-04-30T16:06:53.082Z",
      "expires_at": "2022-07-29T16:06:53Z"
    }
  },
  {
    "model": "token_blacklist.outstandingtoken",
    "pk": 7,
    "fields": {
      "user": 1,
      "jti": "cdfe792c0d5642a8bff3121a9480f0ed",
      "token": "eyJ0eXAiOiJKV1QiLCJhbGciOiJIUzI1NiJ9.eyJ0b2tlbl90eXBlIjoicmVmcmVzaCIsImV4cCI6MTY1OTExMTEzNiwiaWF0IjoxNjUxMzM1MTM2LCJqdGkiOiJjZGZlNzkyYzBkNTY0MmE4YmZmMzEyMWE5NDgwZjBlZCIsInVzZXJfaWQiOjF9._m_skrL_tpw1IahFC39tJyrntzBiaHSyWlh2thPjNWU",
      "created_at": "2022-04-30T16:12:16.298Z",
      "expires_at": "2022-07-29T16:12:16Z"
    }
  },
  {
    "model": "token_blacklist.outstandingtoken",
    "pk": 8,
    "fields": {
      "user": 1,
      "jti": "57939ea276b348d6bf1ff5941a9a4656",
      "token": "eyJ0eXAiOiJKV1QiLCJhbGciOiJIUzI1NiJ9.eyJ0b2tlbl90eXBlIjoicmVmcmVzaCIsImV4cCI6MTY1OTExMTI4MSwiaWF0IjoxNjUxMzM1MjgxLCJqdGkiOiI1NzkzOWVhMjc2YjM0OGQ2YmYxZmY1OTQxYTlhNDY1NiIsInVzZXJfaWQiOjF9.YeaZmjJiiZk6egLWzoNWEnjz9aoWICFY98_5ZYvnR8A",
      "created_at": "2022-04-30T16:14:41.578Z",
      "expires_at": "2022-07-29T16:14:41Z"
    }
  },
  {
    "model": "token_blacklist.outstandingtoken",
    "pk": 9,
    "fields": {
      "user": 1,
      "jti": "f1e0cc2ddf904cac8964259207d655ee",
      "token": "eyJ0eXAiOiJKV1QiLCJhbGciOiJIUzI1NiJ9.eyJ0b2tlbl90eXBlIjoicmVmcmVzaCIsImV4cCI6MTY1OTExMzE1NCwiaWF0IjoxNjUxMzM3MTU0LCJqdGkiOiJmMWUwY2MyZGRmOTA0Y2FjODk2NDI1OTIwN2Q2NTVlZSIsInVzZXJfaWQiOjF9.P6s6A6mzSlE7S_GF1xESYJlUi7fhKFto05U7Qvypg6U",
      "created_at": "2022-04-30T16:45:54.897Z",
      "expires_at": "2022-07-29T16:45:54Z"
    }
  },
  {
    "model": "token_blacklist.outstandingtoken",
    "pk": 10,
    "fields": {
      "user": 1,
      "jti": "6047098c14e74d07a3866381a9a8bb47",
      "token": "eyJ0eXAiOiJKV1QiLCJhbGciOiJIUzI1NiJ9.eyJ0b2tlbl90eXBlIjoicmVmcmVzaCIsImV4cCI6MTY1OTExMzYxNSwiaWF0IjoxNjUxMzM3NjE1LCJqdGkiOiI2MDQ3MDk4YzE0ZTc0ZDA3YTM4NjYzODFhOWE4YmI0NyIsInVzZXJfaWQiOjF9.vXF5BV5V-13KN6yb1zzefE0MJUSlyZCqIHqynKjTzTw",
      "created_at": "2022-04-30T16:53:35.249Z",
      "expires_at": "2022-07-29T16:53:35Z"
    }
  },
  {
    "model": "token_blacklist.outstandingtoken",
    "pk": 11,
    "fields": {
      "user": 1,
      "jti": "7266a59efe514c9ea01f4d61ca4d7099",
      "token": "eyJ0eXAiOiJKV1QiLCJhbGciOiJIUzI1NiJ9.eyJ0b2tlbl90eXBlIjoicmVmcmVzaCIsImV4cCI6MTY1OTExMzY2MiwiaWF0IjoxNjUxMzM3NjYyLCJqdGkiOiI3MjY2YTU5ZWZlNTE0YzllYTAxZjRkNjFjYTRkNzA5OSIsInVzZXJfaWQiOjF9.12tgQbF1i2NevsPfWg5Y_4Ln0zyFUu-lmik8U5AQEIw",
      "created_at": "2022-04-30T16:54:22.180Z",
      "expires_at": "2022-07-29T16:54:22Z"
    }
  },
  {
    "model": "token_blacklist.outstandingtoken",
    "pk": 12,
    "fields": {
      "user": 1,
      "jti": "1bef129780004ea7bf7384a726794ac5",
      "token": "eyJ0eXAiOiJKV1QiLCJhbGciOiJIUzI1NiJ9.eyJ0b2tlbl90eXBlIjoicmVmcmVzaCIsImV4cCI6MTY1OTExMzkyMywiaWF0IjoxNjUxMzM3OTIzLCJqdGkiOiIxYmVmMTI5NzgwMDA0ZWE3YmY3Mzg0YTcyNjc5NGFjNSIsInVzZXJfaWQiOjF9.06ujODst6uQDb63BGQztU5iA-YniGvzgndKjauUeL64",
      "created_at": "2022-04-30T16:58:43.731Z",
      "expires_at": "2022-07-29T16:58:43Z"
    }
  },
  {
    "model": "token_blacklist.outstandingtoken",
    "pk": 13,
    "fields": {
      "user": 1,
      "jti": "cb59c65ec0a84b78b108d293e617d438",
      "token": "eyJ0eXAiOiJKV1QiLCJhbGciOiJIUzI1NiJ9.eyJ0b2tlbl90eXBlIjoicmVmcmVzaCIsImV4cCI6MTY1OTExNDE0NSwiaWF0IjoxNjUxMzM4MTQ1LCJqdGkiOiJjYjU5YzY1ZWMwYTg0Yjc4YjEwOGQyOTNlNjE3ZDQzOCIsInVzZXJfaWQiOjF9.brSSL6nT_0v93j-rNLAILtWRTB8IKprT2LOeSvleGYo",
      "created_at": "2022-04-30T17:02:25.091Z",
      "expires_at": "2022-07-29T17:02:25Z"
    }
  },
  {
    "model": "token_blacklist.outstandingtoken",
    "pk": 14,
    "fields": {
      "user": 1,
      "jti": "332b13a27486499caa346afb56aa469f",
      "token": "eyJ0eXAiOiJKV1QiLCJhbGciOiJIUzI1NiJ9.eyJ0b2tlbl90eXBlIjoicmVmcmVzaCIsImV4cCI6MTY1OTE0ODg0NSwiaWF0IjoxNjUxMzcyODQ1LCJqdGkiOiIzMzJiMTNhMjc0ODY0OTljYWEzNDZhZmI1NmFhNDY5ZiIsInVzZXJfaWQiOjF9.k62LwNJNlTWxxSR4RWCNRAPg_kmzH4uRJvrYerRsSQw",
      "created_at": "2022-05-01T02:40:45.120Z",
      "expires_at": "2022-07-30T02:40:45Z"
    }
  },
  {
    "model": "token_blacklist.outstandingtoken",
    "pk": 15,
    "fields": {
      "user": 1,
      "jti": "b24381ab208d4598a0e7781bf18491b7",
      "token": "eyJ0eXAiOiJKV1QiLCJhbGciOiJIUzI1NiJ9.eyJ0b2tlbl90eXBlIjoicmVmcmVzaCIsImV4cCI6MTY1OTE0OTExMywiaWF0IjoxNjUxMzczMTEzLCJqdGkiOiJiMjQzODFhYjIwOGQ0NTk4YTBlNzc4MWJmMTg0OTFiNyIsInVzZXJfaWQiOjF9.dmuv8dXDjtb-dTZzePi9AwbFGT_yVIVuY3LefLcKBlc",
      "created_at": "2022-05-01T02:45:13.201Z",
      "expires_at": "2022-07-30T02:45:13Z"
    }
  },
  {
    "model": "token_blacklist.outstandingtoken",
    "pk": 16,
    "fields": {
      "user": 1,
      "jti": "2ecbbb3e6cba4957a74079eb7388f719",
      "token": "eyJ0eXAiOiJKV1QiLCJhbGciOiJIUzI1NiJ9.eyJ0b2tlbl90eXBlIjoicmVmcmVzaCIsImV4cCI6MTY1OTE0OTIyOSwiaWF0IjoxNjUxMzczMjI5LCJqdGkiOiIyZWNiYmIzZTZjYmE0OTU3YTc0MDc5ZWI3Mzg4ZjcxOSIsInVzZXJfaWQiOjF9.lBvaFZCj6qSfjZ1ygjuLPP2DvYDMf2R3cRFuQtDYwZI",
      "created_at": "2022-05-01T02:47:09.832Z",
      "expires_at": "2022-07-30T02:47:09Z"
    }
  },
  {
    "model": "token_blacklist.outstandingtoken",
    "pk": 17,
    "fields": {
      "user": 1,
      "jti": "5824452b031c4cf3987e79145467d3ec",
      "token": "eyJ0eXAiOiJKV1QiLCJhbGciOiJIUzI1NiJ9.eyJ0b2tlbl90eXBlIjoicmVmcmVzaCIsImV4cCI6MTY1OTE0OTUwNiwiaWF0IjoxNjUxMzczNTA2LCJqdGkiOiI1ODI0NDUyYjAzMWM0Y2YzOTg3ZTc5MTQ1NDY3ZDNlYyIsInVzZXJfaWQiOjF9.2XpgOXIeyCMYo77yswEdduNKDuAma9jqW6q0SUhNdtQ",
      "created_at": "2022-05-01T02:51:46.879Z",
      "expires_at": "2022-07-30T02:51:46Z"
    }
  },
  {
    "model": "token_blacklist.outstandingtoken",
    "pk": 18,
    "fields": {
      "user": 1,
      "jti": "ac3199bb724b46d782134b19ff4c9834",
      "token": "eyJ0eXAiOiJKV1QiLCJhbGciOiJIUzI1NiJ9.eyJ0b2tlbl90eXBlIjoicmVmcmVzaCIsImV4cCI6MTY1OTE0OTY3MiwiaWF0IjoxNjUxMzczNjcyLCJqdGkiOiJhYzMxOTliYjcyNGI0NmQ3ODIxMzRiMTlmZjRjOTgzNCIsInVzZXJfaWQiOjF9.F1wleEiDvtoPsXuT3cjL-eLidYSn0RxF6uEHWLWELYg",
      "created_at": "2022-05-01T02:54:32.065Z",
      "expires_at": "2022-07-30T02:54:32Z"
    }
  },
  {
    "model": "token_blacklist.outstandingtoken",
    "pk": 19,
    "fields": {
      "user": 1,
      "jti": "6c2f9dfdeaed421f897d9a8026683fd8",
      "token": "eyJ0eXAiOiJKV1QiLCJhbGciOiJIUzI1NiJ9.eyJ0b2tlbl90eXBlIjoicmVmcmVzaCIsImV4cCI6MTY1OTE0OTY5MCwiaWF0IjoxNjUxMzczNjkwLCJqdGkiOiI2YzJmOWRmZGVhZWQ0MjFmODk3ZDlhODAyNjY4M2ZkOCIsInVzZXJfaWQiOjF9.pp5JK7fEGdrRmuT2bxIiG1yyZQX_EwOY04iUWlVukI8",
      "created_at": "2022-05-01T02:54:50.176Z",
      "expires_at": "2022-07-30T02:54:50Z"
    }
  },
  {
    "model": "token_blacklist.outstandingtoken",
    "pk": 20,
    "fields": {
      "user": 1,
      "jti": "b91b9b49b32341479214b0ff2237b6b3",
      "token": "eyJ0eXAiOiJKV1QiLCJhbGciOiJIUzI1NiJ9.eyJ0b2tlbl90eXBlIjoicmVmcmVzaCIsImV4cCI6MTY1OTE0OTcyMCwiaWF0IjoxNjUxMzczNzIwLCJqdGkiOiJiOTFiOWI0OWIzMjM0MTQ3OTIxNGIwZmYyMjM3YjZiMyIsInVzZXJfaWQiOjF9.Cm5fUfF5nAGsOWK6NUqt8puhgD711tRMqm8wZkhUC_M",
      "created_at": "2022-05-01T02:55:20.949Z",
      "expires_at": "2022-07-30T02:55:20Z"
    }
  },
  {
    "model": "token_blacklist.outstandingtoken",
    "pk": 21,
    "fields": {
      "user": 1,
      "jti": "cc7ce2b00a99477a98c8234facdcc94f",
      "token": "eyJ0eXAiOiJKV1QiLCJhbGciOiJIUzI1NiJ9.eyJ0b2tlbl90eXBlIjoicmVmcmVzaCIsImV4cCI6MTY1OTE1MDgzNSwiaWF0IjoxNjUxMzc0ODM1LCJqdGkiOiJjYzdjZTJiMDBhOTk0NzdhOThjODIzNGZhY2RjYzk0ZiIsInVzZXJfaWQiOjF9.hyE6lsGZLqBxFvzdw3KriywJsOc3-nIFJLpawZekrCY",
      "created_at": "2022-05-01T03:13:55.600Z",
      "expires_at": "2022-07-30T03:13:55Z"
    }
  },
  {
    "model": "token_blacklist.outstandingtoken",
    "pk": 22,
    "fields": {
      "user": 1,
      "jti": "5821c18ac3f14e2b993ceb8b1969023f",
      "token": "eyJ0eXAiOiJKV1QiLCJhbGciOiJIUzI1NiJ9.eyJ0b2tlbl90eXBlIjoicmVmcmVzaCIsImV4cCI6MTY1OTE5NDA0MiwiaWF0IjoxNjUxNDE4MDQyLCJqdGkiOiI1ODIxYzE4YWMzZjE0ZTJiOTkzY2ViOGIxOTY5MDIzZiIsInVzZXJfaWQiOjF9.6cgRI39j29gRnG8ZqVBGl-FBB2HIM57pnFBWeuXY5Lk",
      "created_at": "2022-05-01T15:14:02.954Z",
      "expires_at": "2022-07-30T15:14:02Z"
    }
  },
  {
    "model": "token_blacklist.outstandingtoken",
    "pk": 23,
    "fields": {
      "user": 1,
      "jti": "a3b337a41a3d4e89b915f9e571d1fc57",
      "token": "eyJ0eXAiOiJKV1QiLCJhbGciOiJIUzI1NiJ9.eyJ0b2tlbl90eXBlIjoicmVmcmVzaCIsImV4cCI6MTY1OTIwMzI3MiwiaWF0IjoxNjUxNDI3MjcyLCJqdGkiOiJhM2IzMzdhNDFhM2Q0ZTg5YjkxNWY5ZTU3MWQxZmM1NyIsInVzZXJfaWQiOjF9.-hc5-53lbHOwK1DVzUCtGJf91xfhu7fqb1ctsskcL-w",
      "created_at": "2022-05-01T17:47:52.326Z",
      "expires_at": "2022-07-30T17:47:52Z"
    }
  },
  {
    "model": "token_blacklist.outstandingtoken",
    "pk": 24,
    "fields": {
      "user": 6,
      "jti": "68fd6db8c2bd467aa3bb6b4f23ce8d9e",
      "token": "eyJ0eXAiOiJKV1QiLCJhbGciOiJIUzI1NiJ9.eyJ0b2tlbl90eXBlIjoicmVmcmVzaCIsImV4cCI6MTY1OTIwMzk2NCwiaWF0IjoxNjUxNDI3OTY0LCJqdGkiOiI2OGZkNmRiOGMyYmQ0NjdhYTNiYjZiNGYyM2NlOGQ5ZSIsInVzZXJfaWQiOjZ9.5egQy3JwtQkl1YGDjIxV7a3GtRD7p5VFPDbVETCKtTc",
      "created_at": "2022-05-01T17:59:24.770Z",
      "expires_at": "2022-07-30T17:59:24Z"
    }
  },
  {
    "model": "token_blacklist.outstandingtoken",
    "pk": 25,
    "fields": {
      "user": 2,
      "jti": "5c2a50d5dc544c219858dd37ebcc28b9",
      "token": "eyJ0eXAiOiJKV1QiLCJhbGciOiJIUzI1NiJ9.eyJ0b2tlbl90eXBlIjoicmVmcmVzaCIsImV4cCI6MTY1OTIzNTI0NSwiaWF0IjoxNjUxNDU5MjQ1LCJqdGkiOiI1YzJhNTBkNWRjNTQ0YzIxOTg1OGRkMzdlYmNjMjhiOSIsInVzZXJfaWQiOjJ9.UojcUTzaKsHZ6LJsimPqj6ZeEiNbDPeqgR0INBD_pxo",
      "created_at": "2022-05-02T02:40:45.844Z",
      "expires_at": "2022-07-31T02:40:45Z"
    }
  },
  {
    "model": "token_blacklist.outstandingtoken",
    "pk": 26,
    "fields": {
      "user": 6,
      "jti": "e94c40174152479198cd01b8d6ae8eef",
      "token": "eyJ0eXAiOiJKV1QiLCJhbGciOiJIUzI1NiJ9.eyJ0b2tlbl90eXBlIjoicmVmcmVzaCIsImV4cCI6MTY1OTI0NDk0NSwiaWF0IjoxNjUxNDY4OTQ1LCJqdGkiOiJlOTRjNDAxNzQxNTI0NzkxOThjZDAxYjhkNmFlOGVlZiIsInVzZXJfaWQiOjZ9.7OY4YueGjbG01n4k029gTvqovUoL6ROVk3j3G0N3fwU",
      "created_at": "2022-05-02T05:22:25.584Z",
      "expires_at": "2022-07-31T05:22:25Z"
    }
  },
  {
    "model": "token_blacklist.outstandingtoken",
    "pk": 27,
    "fields": {
      "user": 2,
      "jti": "252b58cc14684fa9b8121fa23eb8f886",
      "token": "eyJ0eXAiOiJKV1QiLCJhbGciOiJIUzI1NiJ9.eyJ0b2tlbl90eXBlIjoicmVmcmVzaCIsImV4cCI6MTY1OTI4MjU4MywiaWF0IjoxNjUxNTA2NTgzLCJqdGkiOiIyNTJiNThjYzE0Njg0ZmE5YjgxMjFmYTIzZWI4Zjg4NiIsInVzZXJfaWQiOjJ9.QiP_bjA6k99tROP4p8XNQRHzdunrvEHeP7NLF4LPV3s",
      "created_at": "2022-05-02T15:49:43.641Z",
      "expires_at": "2022-07-31T15:49:43Z"
    }
  },
  {
    "model": "token_blacklist.outstandingtoken",
    "pk": 28,
    "fields": {
      "user": 2,
      "jti": "80d21b75ec2d4b4984c1710fb0d1fa32",
      "token": "eyJ0eXAiOiJKV1QiLCJhbGciOiJIUzI1NiJ9.eyJ0b2tlbl90eXBlIjoicmVmcmVzaCIsImV4cCI6MTY1OTI4NDU2MiwiaWF0IjoxNjUxNTA4NTYyLCJqdGkiOiI4MGQyMWI3NWVjMmQ0YjQ5ODRjMTcxMGZiMGQxZmEzMiIsInVzZXJfaWQiOjJ9.PjCOfIyaY0zKWpqnaTo37Kkyb-CKfUi1TrQtdsd24lI",
      "created_at": "2022-05-02T16:22:42.096Z",
      "expires_at": "2022-07-31T16:22:42Z"
    }
  }
]
