[
  {
    "model": "admin.logentry",
    "pk": 1,
    "fields": {
      "action_time": "2022-05-01T01:49:54.399Z",
      "user": 1,
      "content_type": 6,
      "object_id": "1",
      "object_repr": "admin",
      "action_flag": 2,
      "change_message": "[{\"changed\": {\"fields\": [\"Avatar\"]}}]"
    }
  },
  {
    "model": "admin.logentry",
    "pk": 2,
    "fields": {
      "action_time": "2022-05-01T01:53:59.754Z",
      "user": 1,
      "content_type": 6,
      "object_id": "1",
      "object_repr": "admin",
      "action_flag": 2,
      "change_message": "[{\"changed\": {\"fields\": [\"Avatar\"]}}]"
    }
  },
  {
    "model": "admin.logentry",
    "pk": 3,
    "fields": {
      "action_time": "2022-05-01T02:13:14.881Z",
      "user": 1,
      "content_type": 6,
      "object_id": "1",
      "object_repr": "admin",
      "action_flag": 2,
      "change_message": "[{\"changed\": {\"fields\": [\"Avatar\"]}}]"
    }
  },
  {
    "model": "admin.logentry",
    "pk": 4,
    "fields": {
      "action_time": "2022-05-01T13:16:50.848Z",
      "user": 1,
      "content_type": 3,
      "object_id": "1",
      "object_repr": "Quebec",
      "action_flag": 1,
      "change_message": "[{\"added\": {}}]"
    }
  },
  {
    "model": "admin.logentry",
    "pk": 5,
    "fields": {
      "action_time": "2022-05-01T13:16:58.941Z",
      "user": 1,
      "content_type": 3,
      "object_id": "2",
      "object_repr": "Papa",
      "action_flag": 1,
      "change_message": "[{\"added\": {}}]"
    }
  },
  {
    "model": "admin.logentry",
    "pk": 6,
    "fields": {
      "action_time": "2022-05-01T13:17:45.222Z",
      "user": 1,
      "content_type": 3,
      "object_id": "3",
      "object_repr": "November",
      "action_flag": 1,
      "change_message": "[{\"added\": {}}]"
    }
  },
  {
    "model": "admin.logentry",
    "pk": 7,
    "fields": {
      "action_time": "2022-05-01T13:29:44.766Z",
      "user": 1,
      "content_type": 6,
      "object_id": "2",
      "object_repr": "ankur@codeplatoon.org",
      "action_flag": 1,
      "change_message": "[{\"added\": {}}]"
    }
  },
  {
    "model": "admin.logentry",
    "pk": 8,
    "fields": {
      "action_time": "2022-05-01T13:30:00.292Z",
      "user": 1,
      "content_type": 6,
      "object_id": "3",
      "object_repr": "raphael@codeplatoon.org",
      "action_flag": 1,
      "change_message": "[{\"added\": {}}]"
    }
  },
  {
    "model": "admin.logentry",
    "pk": 9,
    "fields": {
      "action_time": "2022-05-01T13:30:30.503Z",
      "user": 1,
      "content_type": 6,
      "object_id": "4",
      "object_repr": "jon@codeplatoon.org",
      "action_flag": 1,
      "change_message": "[{\"added\": {}}]"
    }
  },
  {
    "model": "admin.logentry",
    "pk": 10,
    "fields": {
      "action_time": "2022-05-01T13:30:41.140Z",
      "user": 1,
      "content_type": 6,
      "object_id": "5",
      "object_repr": "rod@codeplatoon.org",
      "action_flag": 1,
      "change_message": "[{\"added\": {}}]"
    }
  },
  {
    "model": "admin.logentry",
    "pk": 11,
    "fields": {
      "action_time": "2022-05-01T14:04:11.614Z",
      "user": 1,
      "content_type": 6,
      "object_id": "6",
      "object_repr": "quebec_student_1@email.com",
      "action_flag": 1,
      "change_message": "[{\"added\": {}}]"
    }
  },
  {
    "model": "admin.logentry",
    "pk": 12,
    "fields": {
      "action_time": "2022-05-01T14:04:25.159Z",
      "user": 1,
      "content_type": 6,
      "object_id": "7",
      "object_repr": "quebec_student_2@email.com",
      "action_flag": 1,
      "change_message": "[{\"added\": {}}]"
    }
  },
  {
    "model": "admin.logentry",
    "pk": 13,
    "fields": {
      "action_time": "2022-05-01T14:04:48.532Z",
      "user": 1,
      "content_type": 6,
      "object_id": "8",
      "object_repr": "quebec_student_3@email.com",
      "action_flag": 1,
      "change_message": "[{\"added\": {}}]"
    }
  },
  {
    "model": "admin.logentry",
    "pk": 14,
    "fields": {
      "action_time": "2022-05-01T14:05:14.541Z",
      "user": 1,
      "content_type": 6,
      "object_id": "9",
      "object_repr": "quebec_student_4@email.com",
      "action_flag": 1,
      "change_message": "[{\"added\": {}}]"
    }
  },
  {
    "model": "admin.logentry",
    "pk": 15,
    "fields": {
      "action_time": "2022-05-01T14:05:26.776Z",
      "user": 1,
      "content_type": 6,
      "object_id": "10",
      "object_repr": "quebec_student_5@email.com",
      "action_flag": 1,
      "change_message": "[{\"added\": {}}]"
    }
  },
  {
    "model": "admin.logentry",
    "pk": 16,
    "fields": {
      "action_time": "2022-05-01T14:05:37.759Z",
      "user": 1,
      "content_type": 6,
      "object_id": "11",
      "object_repr": "quebec_student_6@email.com",
      "action_flag": 1,
      "change_message": "[{\"added\": {}}]"
    }
  },
  {
    "model": "admin.logentry",
    "pk": 17,
    "fields": {
      "action_time": "2022-05-01T14:05:56.772Z",
      "user": 1,
      "content_type": 6,
      "object_id": "12",
      "object_repr": "quebec_ta_1@email.com",
      "action_flag": 1,
      "change_message": "[{\"added\": {}}]"
    }
  },
  {
    "model": "admin.logentry",
    "pk": 18,
    "fields": {
      "action_time": "2022-05-01T14:06:09.537Z",
      "user": 1,
      "content_type": 6,
      "object_id": "13",
      "object_repr": "quebec_ta_2@email.com",
      "action_flag": 1,
      "change_message": "[{\"added\": {}}]"
    }
  },
  {
    "model": "admin.logentry",
    "pk": 19,
    "fields": {
      "action_time": "2022-05-01T14:11:05.059Z",
      "user": 1,
      "content_type": 6,
      "object_id": "14",
      "object_repr": "papa_student_1@email.com",
      "action_flag": 1,
      "change_message": "[{\"added\": {}}]"
    }
  },
  {
    "model": "admin.logentry",
    "pk": 20,
    "fields": {
      "action_time": "2022-05-01T14:11:17.114Z",
      "user": 1,
      "content_type": 6,
      "object_id": "15",
      "object_repr": "papa_student_2@email.com",
      "action_flag": 1,
      "change_message": "[{\"added\": {}}]"
    }
  },
  {
    "model": "admin.logentry",
    "pk": 21,
    "fields": {
      "action_time": "2022-05-01T14:11:34.082Z",
      "user": 1,
      "content_type": 6,
      "object_id": "16",
      "object_repr": "papa_ta_1@email.com",
      "action_flag": 1,
      "change_message": "[{\"added\": {}}]"
    }
  },
  {
    "model": "admin.logentry",
    "pk": 22,
    "fields": {
      "action_time": "2022-05-01T14:12:19.289Z",
      "user": 1,
      "content_type": 6,
      "object_id": "5",
      "object_repr": "rod@codeplatoon.org",
      "action_flag": 2,
      "change_message": "[{\"changed\": {\"fields\": [\"First name\", \"Last name\", \"Email address\", \"Staff status\", \"Superuser status\"]}}]"
    }
  },
  {
    "model": "admin.logentry",
    "pk": 23,
    "fields": {
      "action_time": "2022-05-01T14:12:41.711Z",
      "user": 1,
      "content_type": 6,
      "object_id": "3",
      "object_repr": "raphael@codeplatoon.org",
      "action_flag": 2,
      "change_message": "[{\"changed\": {\"fields\": [\"First name\", \"Last name\", \"Email address\", \"Staff status\", \"Superuser status\"]}}]"
    }
  },
  {
    "model": "admin.logentry",
    "pk": 24,
    "fields": {
      "action_time": "2022-05-01T14:13:17.617Z",
      "user": 1,
      "content_type": 6,
      "object_id": "13",
      "object_repr": "quebec_ta_2@email.com",
      "action_flag": 2,
      "change_message": "[{\"changed\": {\"fields\": [\"First name\", \"Last name\", \"Email address\", \"Staff status\"]}}]"
    }
  },
  {
    "model": "admin.logentry",
    "pk": 25,
    "fields": {
      "action_time": "2022-05-01T14:13:42.590Z",
      "user": 1,
      "content_type": 6,
      "object_id": "12",
      "object_repr": "quebec_ta_1@email.com",
      "action_flag": 2,
      "change_message": "[{\"changed\": {\"fields\": [\"First name\", \"Last name\", \"Email address\", \"Staff status\"]}}]"
    }
  },
  {
    "model": "admin.logentry",
    "pk": 26,
    "fields": {
      "action_time": "2022-05-01T14:13:49.785Z",
      "user": 1,
      "content_type": 6,
      "object_id": "13",
      "object_repr": "quebec_ta_2@email.com",
      "action_flag": 2,
      "change_message": "[{\"changed\": {\"fields\": [\"First name\", \"Last name\"]}}]"
    }
  },
  {
    "model": "admin.logentry",
    "pk": 27,
    "fields": {
      "action_time": "2022-05-01T14:14:11.773Z",
      "user": 1,
      "content_type": 6,
      "object_id": "11",
      "object_repr": "quebec_student_6@email.com",
      "action_flag": 2,
      "change_message": "[{\"changed\": {\"fields\": [\"First name\", \"Last name\", \"Email address\"]}}]"
    }
  },
  {
    "model": "admin.logentry",
    "pk": 28,
    "fields": {
      "action_time": "2022-05-01T14:14:25.394Z",
      "user": 1,
      "content_type": 6,
      "object_id": "10",
      "object_repr": "quebec_student_5@email.com",
      "action_flag": 2,
      "change_message": "[{\"changed\": {\"fields\": [\"First name\", \"Last name\", \"Email address\"]}}]"
    }
  },
  {
    "model": "admin.logentry",
    "pk": 29,
    "fields": {
      "action_time": "2022-05-01T14:14:38.588Z",
      "user": 1,
      "content_type": 6,
      "object_id": "9",
      "object_repr": "quebec_student_4@email.com",
      "action_flag": 2,
      "change_message": "[{\"changed\": {\"fields\": [\"First name\", \"Last name\", \"Email address\"]}}]"
    }
  },
  {
    "model": "admin.logentry",
    "pk": 30,
    "fields": {
      "action_time": "2022-05-01T14:14:50.742Z",
      "user": 1,
      "content_type": 6,
      "object_id": "8",
      "object_repr": "quebec_student_3@email.com",
      "action_flag": 2,
      "change_message": "[{\"changed\": {\"fields\": [\"First name\", \"Last name\", \"Email address\"]}}]"
    }
  },
  {
    "model": "admin.logentry",
    "pk": 31,
    "fields": {
      "action_time": "2022-05-01T14:15:15.356Z",
      "user": 1,
      "content_type": 6,
      "object_id": "7",
      "object_repr": "quebec_student_2@email.com",
      "action_flag": 2,
      "change_message": "[{\"changed\": {\"fields\": [\"First name\", \"Last name\", \"Email address\"]}}]"
    }
  },
  {
    "model": "admin.logentry",
    "pk": 32,
    "fields": {
      "action_time": "2022-05-01T14:15:23.329Z",
      "user": 1,
      "content_type": 6,
      "object_id": "8",
      "object_repr": "quebec_student_3@email.com",
      "action_flag": 2,
      "change_message": "[{\"changed\": {\"fields\": [\"First name\"]}}]"
    }
  },
  {
    "model": "admin.logentry",
    "pk": 33,
    "fields": {
      "action_time": "2022-05-01T14:15:29.167Z",
      "user": 1,
      "content_type": 6,
      "object_id": "9",
      "object_repr": "quebec_student_4@email.com",
      "action_flag": 2,
      "change_message": "[{\"changed\": {\"fields\": [\"First name\"]}}]"
    }
  },
  {
    "model": "admin.logentry",
    "pk": 34,
    "fields": {
      "action_time": "2022-05-01T14:15:35.389Z",
      "user": 1,
      "content_type": 6,
      "object_id": "10",
      "object_repr": "quebec_student_5@email.com",
      "action_flag": 2,
      "change_message": "[{\"changed\": {\"fields\": [\"First name\"]}}]"
    }
  },
  {
    "model": "admin.logentry",
    "pk": 35,
    "fields": {
      "action_time": "2022-05-01T14:15:42.876Z",
      "user": 1,
      "content_type": 6,
      "object_id": "11",
      "object_repr": "quebec_student_6@email.com",
      "action_flag": 2,
      "change_message": "[{\"changed\": {\"fields\": [\"First name\"]}}]"
    }
  },
  {
    "model": "admin.logentry",
    "pk": 36,
    "fields": {
      "action_time": "2022-05-01T14:15:56.560Z",
      "user": 1,
      "content_type": 6,
      "object_id": "12",
      "object_repr": "quebec_ta_1@email.com",
      "action_flag": 2,
      "change_message": "[{\"changed\": {\"fields\": [\"First name\"]}}]"
    }
  },
  {
    "model": "admin.logentry",
    "pk": 37,
    "fields": {
      "action_time": "2022-05-01T14:16:03.378Z",
      "user": 1,
      "content_type": 6,
      "object_id": "13",
      "object_repr": "quebec_ta_2@email.com",
      "action_flag": 2,
      "change_message": "[{\"changed\": {\"fields\": [\"First name\"]}}]"
    }
  },
  {
    "model": "admin.logentry",
    "pk": 38,
    "fields": {
      "action_time": "2022-05-01T14:16:20.009Z",
      "user": 1,
      "content_type": 6,
      "object_id": "6",
      "object_repr": "quebec_student_1@email.com",
      "action_flag": 2,
      "change_message": "[{\"changed\": {\"fields\": [\"First name\", \"Last name\", \"Email address\"]}}]"
    }
  },
  {
    "model": "admin.logentry",
    "pk": 39,
    "fields": {
      "action_time": "2022-05-01T14:16:39.353Z",
      "user": 1,
      "content_type": 6,
      "object_id": "16",
      "object_repr": "papa_ta_1@email.com",
      "action_flag": 2,
      "change_message": "[{\"changed\": {\"fields\": [\"First name\", \"Last name\", \"Email address\"]}}]"
    }
  },
  {
    "model": "admin.logentry",
    "pk": 40,
    "fields": {
      "action_time": "2022-05-01T14:16:47.114Z",
      "user": 1,
      "content_type": 6,
      "object_id": "16",
      "object_repr": "papa_ta_1@email.com",
      "action_flag": 2,
      "change_message": "[{\"changed\": {\"fields\": [\"Last name\"]}}]"
    }
  },
  {
    "model": "admin.logentry",
    "pk": 41,
    "fields": {
      "action_time": "2022-05-01T14:17:13.139Z",
      "user": 1,
      "content_type": 6,
      "object_id": "15",
      "object_repr": "papa_student_2@email.com",
      "action_flag": 2,
      "change_message": "[{\"changed\": {\"fields\": [\"First name\", \"Last name\", \"Email address\"]}}]"
    }
  },
  {
    "model": "admin.logentry",
    "pk": 42,
    "fields": {
      "action_time": "2022-05-01T14:17:37.790Z",
      "user": 1,
      "content_type": 6,
      "object_id": "14",
      "object_repr": "papa_student_1@email.com",
      "action_flag": 2,
      "change_message": "[{\"changed\": {\"fields\": [\"First name\", \"Last name\", \"Email address\"]}}]"
    }
  },
  {
    "model": "admin.logentry",
    "pk": 43,
    "fields": {
      "action_time": "2022-05-01T14:18:17.801Z",
      "user": 1,
      "content_type": 6,
      "object_id": "4",
      "object_repr": "jon@codeplatoon.org",
      "action_flag": 2,
      "change_message": "[{\"changed\": {\"fields\": [\"First name\", \"Last name\", \"Email address\", \"Staff status\", \"Superuser status\"]}}]"
    }
  },
  {
    "model": "admin.logentry",
    "pk": 44,
    "fields": {
      "action_time": "2022-05-01T14:18:34.986Z",
      "user": 1,
      "content_type": 6,
      "object_id": "2",
      "object_repr": "ankur@codeplatoon.org",
      "action_flag": 2,
      "change_message": "[{\"changed\": {\"fields\": [\"First name\", \"Last name\", \"Email address\", \"Staff status\", \"Superuser status\"]}}]"
    }
  },
  {
    "model": "admin.logentry",
    "pk": 45,
    "fields": {
      "action_time": "2022-05-01T14:18:53.964Z",
      "user": 1,
      "content_type": 6,
      "object_id": "13",
      "object_repr": "quebec_ta_2@email.com",
      "action_flag": 2,
      "change_message": "[{\"changed\": {\"fields\": [\"Groups\"]}}]"
    }
  },
  {
    "model": "admin.logentry",
    "pk": 46,
    "fields": {
      "action_time": "2022-05-01T14:19:12.676Z",
      "user": 1,
      "content_type": 6,
      "object_id": "3",
      "object_repr": "raphael@codeplatoon.org",
      "action_flag": 2,
      "change_message": "[{\"changed\": {\"fields\": [\"Groups\"]}}]"
    }
  },
  {
    "model": "admin.logentry",
    "pk": 47,
    "fields": {
      "action_time": "2022-05-01T14:19:21.043Z",
      "user": 1,
      "content_type": 6,
      "object_id": "2",
      "object_repr": "ankur@codeplatoon.org",
      "action_flag": 2,
      "change_message": "[{\"changed\": {\"fields\": [\"Groups\"]}}]"
    }
  },
  {
    "model": "admin.logentry",
    "pk": 48,
    "fields": {
      "action_time": "2022-05-01T14:19:33.925Z",
      "user": 1,
      "content_type": 6,
      "object_id": "13",
      "object_repr": "quebec_ta_2@email.com",
      "action_flag": 2,
      "change_message": "[]"
    }
  },
  {
    "model": "admin.logentry",
    "pk": 49,
    "fields": {
      "action_time": "2022-05-01T14:19:39.736Z",
      "user": 1,
      "content_type": 6,
      "object_id": "12",
      "object_repr": "quebec_ta_1@email.com",
      "action_flag": 2,
      "change_message": "[{\"changed\": {\"fields\": [\"Groups\"]}}]"
    }
  },
  {
    "model": "admin.logentry",
    "pk": 50,
    "fields": {
      "action_time": "2022-05-01T14:19:52.176Z",
      "user": 1,
      "content_type": 6,
      "object_id": "11",
      "object_repr": "quebec_student_6@email.com",
      "action_flag": 2,
      "change_message": "[{\"changed\": {\"fields\": [\"Groups\"]}}]"
    }
  },
  {
    "model": "admin.logentry",
    "pk": 51,
    "fields": {
      "action_time": "2022-05-01T14:19:57.154Z",
      "user": 1,
      "content_type": 6,
      "object_id": "10",
      "object_repr": "quebec_student_5@email.com",
      "action_flag": 2,
      "change_message": "[{\"changed\": {\"fields\": [\"Groups\"]}}]"
    }
  },
  {
    "model": "admin.logentry",
    "pk": 52,
    "fields": {
      "action_time": "2022-05-01T14:20:02.374Z",
      "user": 1,
      "content_type": 6,
      "object_id": "9",
      "object_repr": "quebec_student_4@email.com",
      "action_flag": 2,
      "change_message": "[{\"changed\": {\"fields\": [\"Groups\"]}}]"
    }
  },
  {
    "model": "admin.logentry",
    "pk": 53,
    "fields": {
      "action_time": "2022-05-01T14:20:08.298Z",
      "user": 1,
      "content_type": 6,
      "object_id": "8",
      "object_repr": "quebec_student_3@email.com",
      "action_flag": 2,
      "change_message": "[{\"changed\": {\"fields\": [\"Groups\"]}}]"
    }
  },
  {
    "model": "admin.logentry",
    "pk": 54,
    "fields": {
      "action_time": "2022-05-01T14:20:13.717Z",
      "user": 1,
      "content_type": 6,
      "object_id": "7",
      "object_repr": "quebec_student_2@email.com",
      "action_flag": 2,
      "change_message": "[{\"changed\": {\"fields\": [\"Groups\"]}}]"
    }
  },
  {
    "model": "admin.logentry",
    "pk": 55,
    "fields": {
      "action_time": "2022-05-01T14:20:18.545Z",
      "user": 1,
      "content_type": 6,
      "object_id": "7",
      "object_repr": "quebec_student_2@email.com",
      "action_flag": 2,
      "change_message": "[]"
    }
  },
  {
    "model": "admin.logentry",
    "pk": 56,
    "fields": {
      "action_time": "2022-05-01T14:20:22.718Z",
      "user": 1,
      "content_type": 6,
      "object_id": "6",
      "object_repr": "quebec_student_1@email.com",
      "action_flag": 2,
      "change_message": "[{\"changed\": {\"fields\": [\"Groups\"]}}]"
    }
  },
  {
    "model": "admin.logentry",
    "pk": 57,
    "fields": {
      "action_time": "2022-05-01T14:20:28.922Z",
      "user": 1,
      "content_type": 6,
      "object_id": "16",
      "object_repr": "papa_ta_1@email.com",
      "action_flag": 2,
      "change_message": "[{\"changed\": {\"fields\": [\"Groups\"]}}]"
    }
  },
  {
    "model": "admin.logentry",
    "pk": 58,
    "fields": {
      "action_time": "2022-05-01T14:20:34.156Z",
      "user": 1,
      "content_type": 6,
      "object_id": "15",
      "object_repr": "papa_student_2@email.com",
      "action_flag": 2,
      "change_message": "[{\"changed\": {\"fields\": [\"Groups\"]}}]"
    }
  },
  {
    "model": "admin.logentry",
    "pk": 59,
    "fields": {
      "action_time": "2022-05-01T14:20:39.587Z",
      "user": 1,
      "content_type": 6,
      "object_id": "14",
      "object_repr": "papa_student_1@email.com",
      "action_flag": 2,
      "change_message": "[{\"changed\": {\"fields\": [\"Groups\"]}}]"
    }
  },
  {
    "model": "admin.logentry",
    "pk": 60,
    "fields": {
      "action_time": "2022-05-01T14:20:57.326Z",
      "user": 1,
      "content_type": 6,
      "object_id": "15",
      "object_repr": "papa_student_2@email.com",
      "action_flag": 2,
      "change_message": "[{\"changed\": {\"fields\": [\"Groups\"]}}]"
    }
  },
  {
    "model": "admin.logentry",
    "pk": 61,
    "fields": {
      "action_time": "2022-05-01T14:27:00.126Z",
      "user": 1,
      "content_type": 17,
      "object_id": "1",
      "object_repr": "UserLink object (1)",
      "action_flag": 1,
      "change_message": "[{\"added\": {}}]"
    }
  },
  {
    "model": "admin.logentry",
    "pk": 62,
    "fields": {
      "action_time": "2022-05-01T14:27:31.377Z",
      "user": 1,
      "content_type": 17,
      "object_id": "2",
      "object_repr": "UserLink object (2)",
      "action_flag": 1,
      "change_message": "[{\"added\": {}}]"
    }
  },
  {
    "model": "admin.logentry",
    "pk": 63,
    "fields": {
      "action_time": "2022-05-01T14:28:01.087Z",
      "user": 1,
      "content_type": 17,
      "object_id": "3",
      "object_repr": "UserLink object (3)",
      "action_flag": 1,
      "change_message": "[{\"added\": {}}]"
    }
  },
  {
    "model": "admin.logentry",
    "pk": 64,
    "fields": {
      "action_time": "2022-05-01T14:34:10.116Z",
      "user": 1,
      "content_type": 17,
      "object_id": "4",
      "object_repr": "Jonathan Young - https://www.linkedin.com/",
      "action_flag": 1,
      "change_message": "[{\"added\": {}}]"
    }
  },
  {
    "model": "admin.logentry",
    "pk": 65,
    "fields": {
      "action_time": "2022-05-01T14:34:24.174Z",
      "user": 1,
      "content_type": 17,
      "object_id": "5",
      "object_repr": "P One Student - https://www.linkedin.com/",
      "action_flag": 1,
      "change_message": "[{\"added\": {}}]"
    }
  },
  {
    "model": "admin.logentry",
    "pk": 66,
    "fields": {
      "action_time": "2022-05-01T14:34:35.567Z",
      "user": 1,
      "content_type": 17,
      "object_id": "6",
      "object_repr": "P Two Student - https://www.linkedin.com/",
      "action_flag": 1,
      "change_message": "[{\"added\": {}}]"
    }
  },
  {
    "model": "admin.logentry",
    "pk": 67,
    "fields": {
      "action_time": "2022-05-01T14:34:43.293Z",
      "user": 1,
      "content_type": 17,
      "object_id": "7",
      "object_repr": "P TA 1 P TA 1 - https://www.linkedin.com/",
      "action_flag": 1,
      "change_message": "[{\"added\": {}}]"
    }
  },
  {
    "model": "admin.logentry",
    "pk": 68,
    "fields": {
      "action_time": "2022-05-01T14:34:50.946Z",
      "user": 1,
      "content_type": 17,
      "object_id": "8",
      "object_repr": "Q One Student - https://www.linkedin.com/",
      "action_flag": 1,
      "change_message": "[{\"added\": {}}]"
    }
  },
  {
    "model": "admin.logentry",
    "pk": 69,
    "fields": {
      "action_time": "2022-05-01T14:34:57.304Z",
      "user": 1,
      "content_type": 17,
      "object_id": "9",
      "object_repr": "Q Two Student - https://www.linkedin.com/",
      "action_flag": 1,
      "change_message": "[{\"added\": {}}]"
    }
  },
  {
    "model": "admin.logentry",
    "pk": 70,
    "fields": {
      "action_time": "2022-05-01T14:35:03.176Z",
      "user": 1,
      "content_type": 17,
      "object_id": "10",
      "object_repr": "Q TA 1 TA 1 - https://www.linkedin.com/",
      "action_flag": 1,
      "change_message": "[{\"added\": {}}]"
    }
  },
  {
    "model": "admin.logentry",
    "pk": 71,
    "fields": {
      "action_time": "2022-05-01T14:35:09.315Z",
      "user": 1,
      "content_type": 17,
      "object_id": "11",
      "object_repr": "Q TA 2 TA 2 - https://www.linkedin.com/",
      "action_flag": 1,
      "change_message": "[{\"added\": {}}]"
    }
  },
  {
    "model": "admin.logentry",
    "pk": 72,
    "fields": {
      "action_time": "2022-05-01T14:35:15.222Z",
      "user": 1,
      "content_type": 17,
      "object_id": "12",
      "object_repr": "Rodrigo Levy - https://www.linkedin.com/",
      "action_flag": 1,
      "change_message": "[{\"added\": {}}]"
    }
  },
  {
    "model": "admin.logentry",
    "pk": 73,
    "fields": {
      "action_time": "2022-05-01T14:35:54.759Z",
      "user": 1,
      "content_type": 17,
      "object_id": "13",
      "object_repr": "Ankur Shah - https://github.com/",
      "action_flag": 1,
      "change_message": "[{\"added\": {}}]"
    }
  },
  {
    "model": "admin.logentry",
    "pk": 74,
    "fields": {
      "action_time": "2022-05-01T14:36:00.237Z",
      "user": 1,
      "content_type": 17,
      "object_id": "14",
      "object_repr": "Jonathan Young - https://github.com/",
      "action_flag": 1,
      "change_message": "[{\"added\": {}}]"
    }
  },
  {
    "model": "admin.logentry",
    "pk": 75,
    "fields": {
      "action_time": "2022-05-01T14:36:05.069Z",
      "user": 1,
      "content_type": 17,
      "object_id": "15",
      "object_repr": "P One Student - https://github.com/",
      "action_flag": 1,
      "change_message": "[{\"added\": {}}]"
    }
  },
  {
    "model": "admin.logentry",
    "pk": 76,
    "fields": {
      "action_time": "2022-05-01T14:36:10.495Z",
      "user": 1,
      "content_type": 17,
      "object_id": "16",
      "object_repr": "P Two Student - https://github.com/",
      "action_flag": 1,
      "change_message": "[{\"added\": {}}]"
    }
  },
  {
    "model": "admin.logentry",
    "pk": 77,
    "fields": {
      "action_time": "2022-05-01T14:36:15.706Z",
      "user": 1,
      "content_type": 17,
      "object_id": "17",
      "object_repr": "P TA 1 P TA 1 - https://github.com/",
      "action_flag": 1,
      "change_message": "[{\"added\": {}}]"
    }
  },
  {
    "model": "admin.logentry",
    "pk": 78,
    "fields": {
      "action_time": "2022-05-01T14:36:20.543Z",
      "user": 1,
      "content_type": 17,
      "object_id": "18",
      "object_repr": "Q One Student - https://github.com/",
      "action_flag": 1,
      "change_message": "[{\"added\": {}}]"
    }
  },
  {
    "model": "admin.logentry",
    "pk": 79,
    "fields": {
      "action_time": "2022-05-01T14:36:24.667Z",
      "user": 1,
      "content_type": 17,
      "object_id": "19",
      "object_repr": "Q Two Student - https://github.com/",
      "action_flag": 1,
      "change_message": "[{\"added\": {}}]"
    }
  },
  {
    "model": "admin.logentry",
    "pk": 80,
    "fields": {
      "action_time": "2022-05-01T14:36:29.776Z",
      "user": 1,
      "content_type": 17,
      "object_id": "20",
      "object_repr": "Q Two Student - https://github.com/",
      "action_flag": 1,
      "change_message": "[{\"added\": {}}]"
    }
  },
  {
    "model": "admin.logentry",
    "pk": 81,
    "fields": {
      "action_time": "2022-05-01T14:36:34.179Z",
      "user": 1,
      "content_type": 17,
      "object_id": "21",
      "object_repr": "Q Three Student - https://github.com/",
      "action_flag": 1,
      "change_message": "[{\"added\": {}}]"
    }
  },
  {
    "model": "admin.logentry",
    "pk": 82,
    "fields": {
      "action_time": "2022-05-01T14:36:38.927Z",
      "user": 1,
      "content_type": 17,
      "object_id": "22",
      "object_repr": "Q Four Student - https://github.com/",
      "action_flag": 1,
      "change_message": "[{\"added\": {}}]"
    }
  },
  {
    "model": "admin.logentry",
    "pk": 83,
    "fields": {
      "action_time": "2022-05-01T14:36:44.613Z",
      "user": 1,
      "content_type": 17,
      "object_id": "23",
      "object_repr": "Q Five Student - https://github.com/",
      "action_flag": 1,
      "change_message": "[{\"added\": {}}]"
    }
  },
  {
    "model": "admin.logentry",
    "pk": 84,
    "fields": {
      "action_time": "2022-05-01T14:36:48.683Z",
      "user": 1,
      "content_type": 17,
      "object_id": "24",
      "object_repr": "Q Six Student - https://github.com/",
      "action_flag": 1,
      "change_message": "[{\"added\": {}}]"
    }
  },
  {
    "model": "admin.logentry",
    "pk": 85,
    "fields": {
      "action_time": "2022-05-01T14:36:54.632Z",
      "user": 1,
      "content_type": 17,
      "object_id": "25",
      "object_repr": "Q TA 1 TA 1 - https://github.com/",
      "action_flag": 1,
      "change_message": "[{\"added\": {}}]"
    }
  },
  {
    "model": "admin.logentry",
    "pk": 86,
    "fields": {
      "action_time": "2022-05-01T14:36:58.992Z",
      "user": 1,
      "content_type": 17,
      "object_id": "26",
      "object_repr": "Q TA 2 TA 2 - https://github.com/",
      "action_flag": 1,
      "change_message": "[{\"added\": {}}]"
    }
  },
  {
    "model": "admin.logentry",
    "pk": 87,
    "fields": {
      "action_time": "2022-05-01T14:37:03.963Z",
      "user": 1,
      "content_type": 17,
      "object_id": "27",
      "object_repr": "Raphael Serota - https://github.com/",
      "action_flag": 1,
      "change_message": "[{\"added\": {}}]"
    }
  },
  {
    "model": "admin.logentry",
    "pk": 88,
    "fields": {
      "action_time": "2022-05-01T14:37:08.297Z",
      "user": 1,
      "content_type": 17,
      "object_id": "28",
      "object_repr": "Rodrigo Levy - https://github.com/",
      "action_flag": 1,
      "change_message": "[{\"added\": {}}]"
    }
  },
  {
    "model": "admin.logentry",
    "pk": 89,
    "fields": {
      "action_time": "2022-05-01T14:39:01.452Z",
      "user": 1,
      "content_type": 17,
      "object_id": "13",
      "object_repr": "Ankur Shah - GitHub",
      "action_flag": 2,
      "change_message": "[{\"changed\": {\"fields\": [\"Name\", \"Url\"]}}]"
    }
  },
  {
    "model": "admin.logentry",
    "pk": 90,
    "fields": {
      "action_time": "2022-05-01T14:41:27.623Z",
      "user": 1,
      "content_type": 17,
      "object_id": "8",
      "object_repr": "Q One Student - https://www.linkedin.com/",
      "action_flag": 3,
      "change_message": ""
    }
  },
  {
    "model": "admin.logentry",
    "pk": 91,
    "fields": {
      "action_time": "2022-05-01T15:18:38.611Z",
      "user": 1,
      "content_type": 6,
      "object_id": "17",
      "object_repr": "abc",
      "action_flag": 3,
      "change_message": ""
    }
  },
  {
    "model": "admin.logentry",
    "pk": 92,
    "fields": {
      "action_time": "2022-05-01T15:28:38.487Z",
      "user": 1,
      "content_type": 6,
      "object_id": "18",
      "object_repr": "abc",
      "action_flag": 3,
      "change_message": ""
    }
  },
  {
    "model": "admin.logentry",
    "pk": 93,
    "fields": {
      "action_time": "2022-05-01T15:56:36.606Z",
      "user": 1,
      "content_type": 11,
      "object_id": "1",
      "object_repr": "Topic object (1)",
      "action_flag": 1,
      "change_message": "[{\"added\": {}}]"
    }
  },
  {
    "model": "admin.logentry",
    "pk": 94,
    "fields": {
      "action_time": "2022-05-01T15:56:52.916Z",
      "user": 1,
      "content_type": 11,
      "object_id": "2",
      "object_repr": "Topic object (2)",
      "action_flag": 1,
      "change_message": "[{\"added\": {}}]"
    }
  },
  {
    "model": "admin.logentry",
    "pk": 95,
    "fields": {
      "action_time": "2022-05-01T15:57:40.911Z",
      "user": 1,
      "content_type": 11,
      "object_id": "3",
      "object_repr": "Databases / SQL",
      "action_flag": 1,
      "change_message": "[{\"added\": {}}]"
    }
  },
  {
    "model": "admin.logentry",
    "pk": 96,
    "fields": {
      "action_time": "2022-05-01T15:59:21.454Z",
      "user": 1,
      "content_type": 11,
      "object_id": "4",
      "object_repr": "Quebec Python",
      "action_flag": 1,
      "change_message": "[{\"added\": {}}]"
    }
  },
  {
    "model": "admin.logentry",
    "pk": 97,
    "fields": {
      "action_time": "2022-05-01T15:59:29.189Z",
      "user": 1,
      "content_type": 11,
      "object_id": "5",
      "object_repr": "Quebec Django",
      "action_flag": 1,
      "change_message": "[{\"added\": {}}]"
    }
  },
  {
    "model": "admin.logentry",
    "pk": 98,
    "fields": {
      "action_time": "2022-05-01T15:59:37.248Z",
      "user": 1,
      "content_type": 11,
      "object_id": "6",
      "object_repr": "Quebec React",
      "action_flag": 1,
      "change_message": "[{\"added\": {}}]"
    }
  },
  {
    "model": "admin.logentry",
    "pk": 99,
    "fields": {
      "action_time": "2022-05-01T16:00:13.588Z",
      "user": 1,
      "content_type": 11,
      "object_id": "7",
      "object_repr": "Quebec APIs",
      "action_flag": 1,
      "change_message": "[{\"added\": {}}]"
    }
  },
  {
    "model": "admin.logentry",
    "pk": 100,
    "fields": {
      "action_time": "2022-05-01T16:01:18.992Z",
      "user": 1,
      "content_type": 11,
      "object_id": "8",
      "object_repr": "Quebec OS / CLI",
      "action_flag": 1,
      "change_message": "[{\"added\": {}}]"
    }
  },
  {
    "model": "admin.logentry",
    "pk": 101,
    "fields": {
      "action_time": "2022-05-01T16:01:51.908Z",
      "user": 1,
      "content_type": 11,
      "object_id": "8",
      "object_repr": "Quebec Command Line Interface",
      "action_flag": 2,
      "change_message": "[{\"changed\": {\"fields\": [\"Title\"]}}]"
    }
  },
  {
    "model": "admin.logentry",
    "pk": 102,
    "fields": {
      "action_time": "2022-05-01T16:02:09.971Z",
      "user": 1,
      "content_type": 11,
      "object_id": "9",
      "object_repr": "Quebec Linux",
      "action_flag": 1,
      "change_message": "[{\"added\": {}}]"
    }
  },
  {
    "model": "admin.logentry",
    "pk": 103,
    "fields": {
      "action_time": "2022-05-01T16:02:20.641Z",
      "user": 1,
      "content_type": 11,
      "object_id": "10",
      "object_repr": "Quebec GIT",
      "action_flag": 1,
      "change_message": "[{\"added\": {}}]"
    }
  },
  {
    "model": "admin.logentry",
    "pk": 104,
    "fields": {
      "action_time": "2022-05-01T16:07:58.067Z",
      "user": 1,
      "content_type": 19,
      "object_id": "1",
      "object_repr": "Lesson object (1)",
      "action_flag": 1,
      "change_message": "[{\"added\": {}}]"
    }
  },
  {
    "model": "admin.logentry",
    "pk": 105,
    "fields": {
      "action_time": "2022-05-01T16:09:15.698Z",
      "user": 1,
      "content_type": 19,
      "object_id": "2",
      "object_repr": "Lesson object (2)",
      "action_flag": 1,
      "change_message": "[{\"added\": {}}]"
    }
  },
  {
    "model": "admin.logentry",
    "pk": 106,
    "fields": {
      "action_time": "2022-05-01T16:30:59.992Z",
      "user": 1,
      "content_type": 11,
      "object_id": "10",
      "object_repr": "Quebec GIT",
      "action_flag": 3,
      "change_message": ""
    }
  },
  {
    "model": "admin.logentry",
    "pk": 107,
    "fields": {
      "action_time": "2022-05-01T16:30:59.999Z",
      "user": 1,
      "content_type": 11,
      "object_id": "9",
      "object_repr": "Quebec Linux",
      "action_flag": 3,
      "change_message": ""
    }
  },
  {
    "model": "admin.logentry",
    "pk": 108,
    "fields": {
      "action_time": "2022-05-01T16:31:00.002Z",
      "user": 1,
      "content_type": 11,
      "object_id": "8",
      "object_repr": "Quebec Command Line Interface",
      "action_flag": 3,
      "change_message": ""
    }
  },
  {
    "model": "admin.logentry",
    "pk": 109,
    "fields": {
      "action_time": "2022-05-01T16:31:00.006Z",
      "user": 1,
      "content_type": 11,
      "object_id": "7",
      "object_repr": "Quebec APIs",
      "action_flag": 3,
      "change_message": ""
    }
  },
  {
    "model": "admin.logentry",
    "pk": 110,
    "fields": {
      "action_time": "2022-05-01T16:31:00.009Z",
      "user": 1,
      "content_type": 11,
      "object_id": "6",
      "object_repr": "Quebec React",
      "action_flag": 3,
      "change_message": ""
    }
  },
  {
    "model": "admin.logentry",
    "pk": 111,
    "fields": {
      "action_time": "2022-05-01T16:31:00.013Z",
      "user": 1,
      "content_type": 11,
      "object_id": "5",
      "object_repr": "Quebec Django",
      "action_flag": 3,
      "change_message": ""
    }
  },
  {
    "model": "admin.logentry",
    "pk": 112,
    "fields": {
      "action_time": "2022-05-01T16:31:00.017Z",
      "user": 1,
      "content_type": 11,
      "object_id": "4",
      "object_repr": "Quebec Python",
      "action_flag": 3,
      "change_message": ""
    }
  },
  {
    "model": "admin.logentry",
    "pk": 113,
    "fields": {
      "action_time": "2022-05-01T16:31:00.020Z",
      "user": 1,
      "content_type": 11,
      "object_id": "3",
      "object_repr": "Quebec Databases / SQL",
      "action_flag": 3,
      "change_message": ""
    }
  },
  {
    "model": "admin.logentry",
    "pk": 114,
    "fields": {
      "action_time": "2022-05-01T16:31:00.024Z",
      "user": 1,
      "content_type": 11,
      "object_id": "2",
      "object_repr": "Quebec HTML/CSS",
      "action_flag": 3,
      "change_message": ""
    }
  },
  {
    "model": "admin.logentry",
    "pk": 115,
    "fields": {
      "action_time": "2022-05-01T16:31:00.027Z",
      "user": 1,
      "content_type": 11,
      "object_id": "1",
      "object_repr": "Quebec Javascript",
      "action_flag": 3,
      "change_message": ""
    }
  },
  {
    "model": "admin.logentry",
    "pk": 116,
    "fields": {
      "action_time": "2022-05-01T16:34:44.535Z",
      "user": 1,
      "content_type": 11,
      "object_id": "1",
      "object_repr": "Quebec Javascript",
      "action_flag": 1,
      "change_message": "[{\"added\": {}}]"
    }
  },
  {
    "model": "admin.logentry",
    "pk": 117,
    "fields": {
      "action_time": "2022-05-01T16:35:17.446Z",
      "user": 1,
      "content_type": 11,
      "object_id": "2",
      "object_repr": "Quebec CLI (Command Line Interface)",
      "action_flag": 1,
      "change_message": "[{\"added\": {}}]"
    }
  },
  {
    "model": "admin.logentry",
    "pk": 118,
    "fields": {
      "action_time": "2022-05-01T16:37:09.867Z",
      "user": 1,
      "content_type": 19,
      "object_id": "3",
      "object_repr": "Javascript - Javascript Intro",
      "action_flag": 1,
      "change_message": "[{\"added\": {}}]"
    }
  },
  {
    "model": "admin.logentry",
    "pk": 119,
    "fields": {
      "action_time": "2022-05-01T16:37:47.279Z",
      "user": 1,
      "content_type": 11,
      "object_id": "3",
      "object_repr": "Quebec GIT",
      "action_flag": 1,
      "change_message": "[{\"added\": {}}]"
    }
  },
  {
    "model": "admin.logentry",
    "pk": 120,
    "fields": {
      "action_time": "2022-05-01T16:38:03.944Z",
      "user": 1,
      "content_type": 11,
      "object_id": "4",
      "object_repr": "Quebec Linux",
      "action_flag": 1,
      "change_message": "[{\"added\": {}}]"
    }
  },
  {
    "model": "admin.logentry",
    "pk": 121,
    "fields": {
      "action_time": "2022-05-01T16:38:20.569Z",
      "user": 1,
      "content_type": 11,
      "object_id": "2",
      "object_repr": "Quebec CLI (Command Line Interface)",
      "action_flag": 2,
      "change_message": "[{\"changed\": {\"fields\": [\"Sub topics\"]}}]"
    }
  },
  {
    "model": "admin.logentry",
    "pk": 122,
    "fields": {
      "action_time": "2022-05-01T16:40:01.940Z",
      "user": 1,
      "content_type": 19,
      "object_id": "4",
      "object_repr": "CLI (Command Line Interface) - Intro to the command line",
      "action_flag": 1,
      "change_message": "[{\"added\": {}}]"
    }
  },
  {
    "model": "admin.logentry",
    "pk": 123,
    "fields": {
      "action_time": "2022-05-01T16:40:37.361Z",
      "user": 1,
      "content_type": 19,
      "object_id": "5",
      "object_repr": "GIT - GIT intro",
      "action_flag": 1,
      "change_message": "[{\"added\": {}}]"
    }
  },
  {
    "model": "admin.logentry",
    "pk": 124,
    "fields": {
      "action_time": "2022-05-01T16:41:05.085Z",
      "user": 1,
      "content_type": 11,
      "object_id": "5",
      "object_repr": "Quebec HTML/CSS",
      "action_flag": 1,
      "change_message": "[{\"added\": {}}]"
    }
  },
  {
    "model": "admin.logentry",
    "pk": 125,
    "fields": {
      "action_time": "2022-05-01T16:41:13.116Z",
      "user": 1,
      "content_type": 11,
      "object_id": "6",
      "object_repr": "Quebec Databases/SQL",
      "action_flag": 1,
      "change_message": "[{\"added\": {}}]"
    }
  },
  {
    "model": "admin.logentry",
    "pk": 126,
    "fields": {
      "action_time": "2022-05-01T16:41:20.428Z",
      "user": 1,
      "content_type": 11,
      "object_id": "7",
      "object_repr": "Quebec Python",
      "action_flag": 1,
      "change_message": "[{\"added\": {}}]"
    }
  },
  {
    "model": "admin.logentry",
    "pk": 127,
    "fields": {
      "action_time": "2022-05-01T16:41:27.033Z",
      "user": 1,
      "content_type": 11,
      "object_id": "8",
      "object_repr": "Quebec Django",
      "action_flag": 1,
      "change_message": "[{\"added\": {}}]"
    }
  },
  {
    "model": "admin.logentry",
    "pk": 128,
    "fields": {
      "action_time": "2022-05-01T16:41:29.772Z",
      "user": 1,
      "content_type": 11,
      "object_id": "9",
      "object_repr": "Quebec React",
      "action_flag": 1,
      "change_message": "[{\"added\": {}}]"
    }
  },
  {
    "model": "admin.logentry",
    "pk": 129,
    "fields": {
      "action_time": "2022-05-01T16:41:52.350Z",
      "user": 1,
      "content_type": 11,
      "object_id": "10",
      "object_repr": "Quebec APIs",
      "action_flag": 1,
      "change_message": "[{\"added\": {}}]"
    }
  },
  {
    "model": "admin.logentry",
    "pk": 130,
    "fields": {
      "action_time": "2022-05-01T16:44:09.184Z",
      "user": 1,
      "content_type": 16,
      "object_id": "1",
      "object_repr": "LessonLink object (1)",
      "action_flag": 1,
      "change_message": "[{\"added\": {}}]"
    }
  },
  {
    "model": "admin.logentry",
    "pk": 131,
    "fields": {
      "action_time": "2022-05-01T16:44:24.504Z",
      "user": 1,
      "content_type": 16,
      "object_id": "2",
      "object_repr": "LessonLink object (2)",
      "action_flag": 1,
      "change_message": "[{\"added\": {}}]"
    }
  },
  {
    "model": "admin.logentry",
    "pk": 132,
    "fields": {
      "action_time": "2022-05-01T16:44:36.074Z",
      "user": 1,
      "content_type": 16,
      "object_id": "3",
      "object_repr": "LessonLink object (3)",
      "action_flag": 1,
      "change_message": "[{\"added\": {}}]"
    }
  },
  {
    "model": "admin.logentry",
    "pk": 133,
    "fields": {
      "action_time": "2022-05-01T16:48:08.876Z",
      "user": 1,
      "content_type": 11,
      "object_id": "11",
      "object_repr": "Quebec JavaScript Fundamentals",
      "action_flag": 1,
      "change_message": "[{\"added\": {}}]"
    }
  },
  {
    "model": "admin.logentry",
    "pk": 134,
    "fields": {
      "action_time": "2022-05-01T16:49:26.723Z",
      "user": 1,
      "content_type": 19,
      "object_id": "6",
      "object_repr": "JavaScript Fundamentals - Javascript Fundamentals",
      "action_flag": 1,
      "change_message": "[{\"added\": {}}]"
    }
  },
  {
    "model": "admin.logentry",
    "pk": 135,
    "fields": {
      "action_time": "2022-05-01T16:49:44.747Z",
      "user": 1,
      "content_type": 16,
      "object_id": "4",
      "object_repr": "Javascript Fundamentals - https://github.com/quebecplatoon/curriculum/blob/master/page-resources/JSFundamentalsDay1.pdf",
      "action_flag": 1,
      "change_message": "[{\"added\": {}}]"
    }
  },
  {
    "model": "admin.logentry",
    "pk": 136,
    "fields": {
      "action_time": "2022-05-01T16:50:16.338Z",
      "user": 1,
      "content_type": 16,
      "object_id": "5",
      "object_repr": "Javascript Fundamentals - https://www.w3schools.com/jsref/jsref_obj_array.asp",
      "action_flag": 1,
      "change_message": "[{\"added\": {}}]"
    }
  },
  {
    "model": "admin.logentry",
    "pk": 137,
    "fields": {
      "action_time": "2022-05-01T16:50:33.256Z",
      "user": 1,
      "content_type": 16,
      "object_id": "6",
      "object_repr": "Javascript Fundamentals - https://developer.mozilla.org/en-US/docs/Web/JavaScript/Reference/Global_Objects/Array",
      "action_flag": 1,
      "change_message": "[{\"added\": {}}]"
    }
  },
  {
    "model": "admin.logentry",
    "pk": 138,
    "fields": {
      "action_time": "2022-05-01T16:51:08.774Z",
      "user": 1,
      "content_type": 16,
      "object_id": "7",
      "object_repr": "Javascript Fundamentals - https://education.github.com/git-cheat-sheet-education.pdf",
      "action_flag": 1,
      "change_message": "[{\"added\": {}}]"
    }
  },
  {
    "model": "admin.logentry",
    "pk": 139,
    "fields": {
      "action_time": "2022-05-01T16:52:21.360Z",
      "user": 1,
      "content_type": 16,
      "object_id": "8",
      "object_repr": "Javascript Fundamentals - http://algorithm.wiki/en/app/",
      "action_flag": 1,
      "change_message": "[{\"added\": {}}]"
    }
  },
  {
    "model": "admin.logentry",
    "pk": 140,
    "fields": {
      "action_time": "2022-05-01T16:52:43.066Z",
      "user": 1,
      "content_type": 16,
      "object_id": "9",
      "object_repr": "Javascript Fundamentals - https://github.com/quebecplatoon/curriculum/blob/master/page-resources/keyboard-setup.png",
      "action_flag": 1,
      "change_message": "[{\"added\": {}}]"
    }
  },
  {
    "model": "admin.logentry",
    "pk": 141,
    "fields": {
      "action_time": "2022-05-01T16:53:04.766Z",
      "user": 1,
      "content_type": 16,
      "object_id": "10",
      "object_repr": "Javascript Fundamentals - https://github.com/quebecplatoon/curriculum/blob/master/page-resources/javascript_control_flow.pdf",
      "action_flag": 1,
      "change_message": "[{\"added\": {}}]"
    }
  },
  {
    "model": "admin.logentry",
    "pk": 142,
    "fields": {
      "action_time": "2022-05-01T16:53:50.414Z",
      "user": 1,
      "content_type": 16,
      "object_id": "11",
      "object_repr": "Javascript Fundamentals - https://github.com/quebecplatoon/algo-roman-numerals",
      "action_flag": 1,
      "change_message": "[{\"added\": {}}]"
    }
  },
  {
    "model": "admin.logentry",
    "pk": 143,
    "fields": {
      "action_time": "2022-05-01T16:54:01.210Z",
      "user": 1,
      "content_type": 16,
      "object_id": "12",
      "object_repr": "Javascript Fundamentals - http://learngitbranching.js.org/",
      "action_flag": 1,
      "change_message": "[{\"added\": {}}]"
    }
  },
  {
    "model": "admin.logentry",
    "pk": 144,
    "fields": {
      "action_time": "2022-05-01T16:54:10.030Z",
      "user": 1,
      "content_type": 16,
      "object_id": "13",
      "object_repr": "Javascript Fundamentals - https://github.com/quebecplatoon/algo-factorial",
      "action_flag": 1,
      "change_message": "[{\"added\": {}}]"
    }
  },
  {
    "model": "admin.logentry",
    "pk": 145,
    "fields": {
      "action_time": "2022-05-01T16:54:19.237Z",
      "user": 1,
      "content_type": 16,
      "object_id": "14",
      "object_repr": "Javascript Fundamentals - https://github.com/quebecplatoon/algo-factorial",
      "action_flag": 1,
      "change_message": "[{\"added\": {}}]"
    }
  },
  {
    "model": "admin.logentry",
    "pk": 146,
    "fields": {
      "action_time": "2022-05-01T16:54:27.267Z",
      "user": 1,
      "content_type": 16,
      "object_id": "15",
      "object_repr": "Javascript Fundamentals - https://github.com/quebecplatoon/algo-fibonacci",
      "action_flag": 1,
      "change_message": "[{\"added\": {}}]"
    }
  },
  {
    "model": "admin.logentry",
    "pk": 147,
    "fields": {
      "action_time": "2022-05-01T16:54:39.177Z",
      "user": 1,
      "content_type": 16,
      "object_id": "16",
      "object_repr": "Javascript Fundamentals - https://github.com/quebecplatoon/algo-linear-search",
      "action_flag": 1,
      "change_message": "[{\"added\": {}}]"
    }
  },
  {
    "model": "admin.logentry",
    "pk": 148,
    "fields": {
      "action_time": "2022-05-02T22:50:18.901Z",
      "user": 1,
      "content_type": 10,
      "object_id": "6",
      "object_repr": "JavaScript Fundamentals - Javascript Fundamentals",
      "action_flag": 3,
      "change_message": ""
    }
  },
  {
    "model": "admin.logentry",
    "pk": 149,
    "fields": {
      "action_time": "2022-05-02T22:50:18.904Z",
      "user": 1,
      "content_type": 10,
      "object_id": "5",
      "object_repr": "GIT - GIT intro",
      "action_flag": 3,
      "change_message": ""
    }
  },
  {
    "model": "admin.logentry",
    "pk": 150,
    "fields": {
      "action_time": "2022-05-02T22:50:18.908Z",
      "user": 1,
      "content_type": 10,
      "object_id": "4",
      "object_repr": "CLI (Command Line Interface) - Intro to the command line",
      "action_flag": 3,
      "change_message": ""
    }
  },
  {
    "model": "admin.logentry",
    "pk": 151,
    "fields": {
      "action_time": "2022-05-02T22:50:18.911Z",
      "user": 1,
      "content_type": 10,
      "object_id": "3",
      "object_repr": "Javascript - Javascript Intro",
      "action_flag": 3,
      "change_message": ""
    }
  },
  {
    "model": "admin.logentry",
    "pk": 152,
    "fields": {
      "action_time": "2022-05-02T22:56:57.897Z",
      "user": 1,
      "content_type": 10,
      "object_id": "7",
      "object_repr": "JavaScript Fundamentals - CLI/GIT/Intro to javascript",
      "action_flag": 1,
      "change_message": "[{\"added\": {}}]"
    }
  },
  {
    "model": "admin.logentry",
    "pk": 153,
    "fields": {
      "action_time": "2022-05-02T22:58:29.168Z",
      "user": 1,
      "content_type": 10,
      "object_id": "8",
      "object_repr": "JavaScript Fundamentals - JS fundamentals / libraries",
      "action_flag": 1,
      "change_message": "[{\"added\": {}}]"
    }
  },
  {
    "model": "admin.logentry",
    "pk": 154,
    "fields": {
      "action_time": "2022-05-02T22:59:01.158Z",
      "user": 1,
      "content_type": 18,
      "object_id": "17",
      "object_repr": "CLI/GIT/Intro to javascript - https://github.com/quebecplatoon/algo-99-bottles",
      "action_flag": 1,
      "change_message": "[{\"added\": {}}]"
    }
  },
  {
    "model": "admin.logentry",
    "pk": 155,
    "fields": {
      "action_time": "2022-05-02T22:59:18.476Z",
      "user": 1,
      "content_type": 18,
      "object_id": "18",
      "object_repr": "CLI/GIT/Intro to javascript - https://github.com/quebecplatoon/algo-deaf-grandma",
      "action_flag": 1,
      "change_message": "[{\"added\": {}}]"
    }
  },
  {
    "model": "admin.logentry",
    "pk": 156,
    "fields": {
      "action_time": "2022-05-02T22:59:37.616Z",
      "user": 1,
      "content_type": 18,
      "object_id": "19",
      "object_repr": "CLI/GIT/Intro to javascript - https://github.com/quebecplatoon/misc-command-line",
      "action_flag": 1,
      "change_message": "[{\"added\": {}}]"
    }
  },
  {
    "model": "admin.logentry",
    "pk": 157,
    "fields": {
      "action_time": "2022-05-02T23:00:25.900Z",
      "user": 1,
      "content_type": 18,
      "object_id": "20",
      "object_repr": "JS fundamentals / libraries - https://github.com/quebecplatoon/algo-roman-numerals",
      "action_flag": 1,
      "change_message": "[{\"added\": {}}]"
    }
  },
  {
    "model": "admin.logentry",
    "pk": 158,
    "fields": {
      "action_time": "2022-05-02T23:00:40.090Z",
      "user": 1,
      "content_type": 18,
      "object_id": "21",
      "object_repr": "JS fundamentals / libraries - http://learngitbranching.js.org/",
      "action_flag": 1,
      "change_message": "[{\"added\": {}}]"
    }
  },
  {
    "model": "admin.logentry",
    "pk": 159,
    "fields": {
      "action_time": "2022-05-02T23:00:54.812Z",
      "user": 1,
      "content_type": 18,
      "object_id": "22",
      "object_repr": "JS fundamentals / libraries - https://github.com/quebecplatoon/algo-factorial",
      "action_flag": 1,
      "change_message": "[{\"added\": {}}]"
    }
  },
  {
    "model": "admin.logentry",
    "pk": 160,
    "fields": {
      "action_time": "2022-05-02T23:01:11.321Z",
      "user": 1,
      "content_type": 18,
      "object_id": "23",
      "object_repr": "JS fundamentals / libraries - https://github.com/quebecplatoon/algo-fibonacci",
      "action_flag": 1,
      "change_message": "[{\"added\": {}}]"
    }
  },
  {
    "model": "admin.logentry",
    "pk": 161,
    "fields": {
      "action_time": "2022-05-02T23:01:24.385Z",
      "user": 1,
      "content_type": 18,
      "object_id": "24",
      "object_repr": "JS fundamentals / libraries - https://github.com/quebecplatoon/algo-linear-search",
      "action_flag": 1,
      "change_message": "[{\"added\": {}}]"
    }
  },
  {
    "model": "admin.logentry",
    "pk": 162,
    "fields": {
      "action_time": "2022-05-02T23:01:39.853Z",
      "user": 1,
      "content_type": 18,
      "object_id": "25",
      "object_repr": "JS fundamentals / libraries - https://education.github.com/git-cheat-sheet-education.pdf",
      "action_flag": 1,
      "change_message": "[{\"added\": {}}]"
    }
  },
  {
    "model": "admin.logentry",
    "pk": 163,
    "fields": {
      "action_time": "2022-05-02T23:01:53.499Z",
      "user": 1,
      "content_type": 18,
      "object_id": "26",
      "object_repr": "JS fundamentals / libraries - https://github.com/quebecplatoon/git-resource",
      "action_flag": 1,
      "change_message": "[{\"added\": {}}]"
    }
  },
  {
    "model": "admin.logentry",
    "pk": 164,
    "fields": {
      "action_time": "2022-05-02T23:02:17.403Z",
      "user": 1,
      "content_type": 18,
      "object_id": "27",
      "object_repr": "JS fundamentals / libraries - https://github.com/quebecplatoon/curriculum/blob/master/page-resources/javascript_control_flow.pdf",
      "action_flag": 1,
      "change_message": "[{\"added\": {}}]"
    }
  },
  {
    "model": "admin.logentry",
    "pk": 165,
    "fields": {
      "action_time": "2022-05-02T23:03:46.437Z",
      "user": 1,
      "content_type": 10,
      "object_id": "9",
      "object_repr": "Python - Python Intro",
      "action_flag": 1,
      "change_message": "[{\"added\": {}}]"
    }
  },
  {
    "model": "admin.logentry",
    "pk": 166,
    "fields": {
      "action_time": "2022-05-02T23:04:16.440Z",
      "user": 1,
      "content_type": 18,
      "object_id": "28",
      "object_repr": "Python Intro - https://github.com/quebecplatoon/curriculum/blob/master/page-resources/python_fundamentals.md",
      "action_flag": 1,
      "change_message": "[{\"added\": {}}]"
    }
  },
  {
    "model": "admin.logentry",
    "pk": 167,
    "fields": {
      "action_time": "2022-05-02T23:04:28.876Z",
      "user": 1,
      "content_type": 18,
      "object_id": "29",
      "object_repr": "Python Intro - https://github.com/quebecplatoon/algo-99-Bottles",
      "action_flag": 1,
      "change_message": "[{\"added\": {}}]"
    }
  },
  {
    "model": "admin.logentry",
    "pk": 168,
    "fields": {
      "action_time": "2022-05-02T23:04:49.506Z",
      "user": 1,
      "content_type": 18,
      "object_id": "30",
      "object_repr": "Python Intro - https://github.com/quebecplatoon/algo-deaf-grandma",
      "action_flag": 1,
      "change_message": "[{\"added\": {}}]"
    }
  },
  {
    "model": "admin.logentry",
    "pk": 169,
    "fields": {
      "action_time": "2022-05-02T23:05:00.596Z",
      "user": 1,
      "content_type": 18,
      "object_id": "31",
      "object_repr": "Python Intro - https://github.com/quebecplatoon/algo-roman-numerals",
      "action_flag": 1,
      "change_message": "[{\"added\": {}}]"
    }
  },
  {
    "model": "admin.logentry",
    "pk": 170,
    "fields": {
      "action_time": "2022-05-02T23:05:12.759Z",
      "user": 1,
      "content_type": 18,
      "object_id": "32",
      "object_repr": "Python Intro - https://github.com/quebecplatoon/algo-fibonacci",
      "action_flag": 1,
      "change_message": "[{\"added\": {}}]"
    }
  },
  {
    "model": "admin.logentry",
    "pk": 171,
    "fields": {
      "action_time": "2022-05-02T23:05:24.358Z",
      "user": 1,
      "content_type": 18,
      "object_id": "33",
      "object_repr": "Python Intro - https://github.com/quebecplatoon/algo-factorial",
      "action_flag": 1,
      "change_message": "[{\"added\": {}}]"
    }
  },
  {
    "model": "admin.logentry",
    "pk": 172,
    "fields": {
      "action_time": "2022-05-02T23:05:38.612Z",
      "user": 1,
      "content_type": 18,
      "object_id": "34",
      "object_repr": "Python Intro - https://github.com/quebecplatoon/algo-linear-search",
      "action_flag": 1,
      "change_message": "[{\"added\": {}}]"
    }
  },
  {
    "model": "admin.logentry",
    "pk": 173,
    "fields": {
      "action_time": "2022-05-02T23:07:31.704Z",
      "user": 1,
      "content_type": 10,
      "object_id": "10",
      "object_repr": "Python - Python Fundamentals",
      "action_flag": 1,
      "change_message": "[{\"added\": {}}]"
    }
  },
  {
    "model": "admin.logentry",
    "pk": 174,
    "fields": {
      "action_time": "2022-05-02T23:08:00.805Z",
      "user": 1,
      "content_type": 18,
      "object_id": "35",
      "object_repr": "Python Fundamentals - https://realpython.com/python-vs-javascript/#javascript-vs-python",
      "action_flag": 1,
      "change_message": "[{\"added\": {}}]"
    }
  },
  {
    "model": "admin.logentry",
    "pk": 175,
    "fields": {
      "action_time": "2022-05-02T23:08:12.200Z",
      "user": 1,
      "content_type": 18,
      "object_id": "36",
      "object_repr": "Python Fundamentals - https://www.tutorialspoint.com/python/python_modules.htm",
      "action_flag": 1,
      "change_message": "[{\"added\": {}}]"
    }
  },
  {
    "model": "admin.logentry",
    "pk": 176,
    "fields": {
      "action_time": "2022-05-02T23:08:22.966Z",
      "user": 1,
      "content_type": 18,
      "object_id": "37",
      "object_repr": "Python Fundamentals - https://github.com/quebecplatoon/algo-armstrong-numbers",
      "action_flag": 1,
      "change_message": "[{\"added\": {}}]"
    }
  },
  {
    "model": "admin.logentry",
    "pk": 177,
    "fields": {
      "action_time": "2022-05-02T23:08:36.631Z",
      "user": 1,
      "content_type": 18,
      "object_id": "38",
      "object_repr": "Python Fundamentals - https://github.com/quebecplatoon/algo-sum-pairs",
      "action_flag": 1,
      "change_message": "[{\"added\": {}}]"
    }
  },
  {
    "model": "admin.logentry",
    "pk": 178,
    "fields": {
      "action_time": "2022-05-02T23:08:49.684Z",
      "user": 1,
      "content_type": 18,
      "object_id": "39",
      "object_repr": "Python Fundamentals - https://github.com/quebecplatoon/algo-credit-check",
      "action_flag": 1,
      "change_message": "[{\"added\": {}}]"
    }
  },
  {
    "model": "admin.logentry",
    "pk": 179,
    "fields": {
      "action_time": "2022-05-02T23:09:12.042Z",
      "user": 1,
      "content_type": 18,
      "object_id": "40",
      "object_repr": "Python Fundamentals - https://github.com/quebecplatoon/algo-anagrams-i",
      "action_flag": 1,
      "change_message": "[{\"added\": {}}]"
    }
  },
  {
    "model": "admin.logentry",
    "pk": 180,
    "fields": {
      "action_time": "2022-05-02T23:09:27.371Z",
      "user": 1,
      "content_type": 18,
      "object_id": "41",
      "object_repr": "Python Fundamentals - https://github.com/quebecplatoon/algo-debugging-one",
      "action_flag": 1,
      "change_message": "[{\"added\": {}}]"
    }
  },
  {
    "model": "admin.logentry",
    "pk": 181,
    "fields": {
      "action_time": "2022-05-02T23:09:48.607Z",
      "user": 1,
      "content_type": 15,
      "object_id": "12",
      "object_repr": "Quebec Review",
      "action_flag": 1,
      "change_message": "[{\"added\": {}}]"
    }
  },
  {
    "model": "admin.logentry",
    "pk": 182,
    "fields": {
      "action_time": "2022-05-02T23:10:16.827Z",
      "user": 1,
      "content_type": 18,
      "object_id": "42",
      "object_repr": "Python Fundamentals - https://pythontips.com/2013/07/30/20-python-libraries-you-cant-live-without/",
      "action_flag": 1,
      "change_message": "[{\"added\": {}}]"
    }
  },
  {
    "model": "admin.logentry",
    "pk": 183,
    "fields": {
      "action_time": "2022-05-02T23:11:34.955Z",
      "user": 1,
      "content_type": 10,
      "object_id": "11",
      "object_repr": "Review - JS/Python Review",
      "action_flag": 1,
      "change_message": "[{\"added\": {}}]"
    }
  },
  {
    "model": "admin.logentry",
    "pk": 184,
    "fields": {
      "action_time": "2022-05-02T23:12:01.451Z",
      "user": 1,
      "content_type": 18,
      "object_id": "43",
      "object_repr": "JS/Python Review - https://github.com/quebecplatoon/git-pair",
      "action_flag": 1,
      "change_message": "[{\"added\": {}}]"
    }
  },
  {
    "model": "admin.logentry",
    "pk": 185,
    "fields": {
      "action_time": "2022-05-02T23:12:18.386Z",
      "user": 1,
      "content_type": 18,
      "object_id": "44",
      "object_repr": "JS/Python Review - https://github.com/quebecplatoon/algo-anagrams-ii",
      "action_flag": 1,
      "change_message": "[{\"added\": {}}]"
    }
  },
  {
    "model": "admin.logentry",
    "pk": 186,
    "fields": {
      "action_time": "2022-05-02T23:12:32.673Z",
      "user": 1,
      "content_type": 18,
      "object_id": "45",
      "object_repr": "JS/Python Review - https://github.com/quebecplatoon/algo-character-count",
      "action_flag": 1,
      "change_message": "[{\"added\": {}}]"
    }
  },
  {
    "model": "admin.logentry",
    "pk": 187,
    "fields": {
      "action_time": "2022-05-02T23:12:45.018Z",
      "user": 1,
      "content_type": 18,
      "object_id": "46",
      "object_repr": "JS/Python Review - https://github.com/quebecplatoon/algo-palindromes",
      "action_flag": 1,
      "change_message": "[{\"added\": {}}]"
    }
  },
  {
    "model": "admin.logentry",
    "pk": 188,
    "fields": {
      "action_time": "2022-05-02T23:12:59.663Z",
      "user": 1,
      "content_type": 18,
      "object_id": "47",
      "object_repr": "JS/Python Review - https://github.com/quebecplatoon/algo-calculate-mode",
      "action_flag": 1,
      "change_message": "[{\"added\": {}}]"
    }
  },
  {
    "model": "admin.logentry",
    "pk": 189,
    "fields": {
      "action_time": "2022-05-02T23:13:13.510Z",
      "user": 1,
      "content_type": 18,
      "object_id": "48",
      "object_repr": "JS/Python Review - https://github.com/quebecplatoon/algo-pad-array",
      "action_flag": 1,
      "change_message": "[{\"added\": {}}]"
    }
  },
  {
    "model": "admin.logentry",
    "pk": 190,
    "fields": {
      "action_time": "2022-05-02T23:13:30.705Z",
      "user": 1,
      "content_type": 18,
      "object_id": "49",
      "object_repr": "JS/Python Review - https://github.com/quebecplatoon/algo-balanced-parentheses",
      "action_flag": 1,
      "change_message": "[{\"added\": {}}]"
    }
  },
  {
    "model": "auth.group",
    "pk": 1,
    "fields": {
      "name": "Quebec",
      "permissions": []
    }
  },
  {
    "model": "auth.group",
    "pk": 2,
    "fields": {
      "name": "Papa",
      "permissions": []
    }
  },
  {
    "model": "auth.group",
    "pk": 3,
    "fields": {
      "name": "November",
      "permissions": []
    }
  },
  {
    "model": "sessions.session",
    "pk": "ozxi963skn6p18bs2k4l5gmvuglg5n0y",
    "fields": {
      "session_data": ".eJxVjDsOwyAQBe9CHSG-S0iZ3mdAmF2CkwgkY1dR7m5bcpG0b2beh4W4LiWsneYwIbsxyS6_2xjTi-oB8Bnro_HU6jJPIz8UftLOh4b0vp_u30GJvew1gbTZoSYgiSiVQQtGCYMOSNlkck4RtPfgtUNpQTsnhEDlr5C19Zl9N9S9Nv4:1nkX9F:i5gcYBIao0ka0RVHwFMv9wR3gXxeFNq3IZ6Jr8Z-2CU",
      "expire_date": "2022-05-13T20:23:29.506Z"
    }
  },
  {
    "model": "app.user",
    "pk": 1,
    "fields": {
      "password": "pbkdf2_sha256$320000$HTTeB6msJ6Q275BFVtFyGY$Zle1E+Fi506NZx6xPqIZuJJbnpX5gQwTvx4l4UEN23Y=",
      "last_login": "2022-04-29T20:23:29Z",
      "is_superuser": true,
      "username": "admin",
      "first_name": "",
      "last_name": "",
      "email": "",
      "is_staff": true,
      "is_active": true,
      "date_joined": "2022-04-29T20:23:18Z",
      "avatar": "me-small.png",
      "metadata": null,
      "default_group": null,
      "timezone": "CST",
      "groups": [],
      "user_permissions": []
    }
  },
  {
    "model": "app.user",
    "pk": 2,
    "fields": {
      "password": "pbkdf2_sha256$320000$7eNwVKJOZvPtl1TRcZE6Zl$3EhHwvVamwzmCO4r801NzoG6qHjbf8DPRICjNBc48Ko=",
      "last_login": null,
      "is_superuser": true,
      "username": "ankur@codeplatoon.org",
      "first_name": "Ankur",
      "last_name": "Shah",
      "email": "ankur@codeplatoon.org",
      "is_staff": true,
      "is_active": true,
      "date_joined": "2022-05-01T13:29:44Z",
      "avatar": "default.png",
      "metadata": null,
      "default_group": 1,
      "timezone": "CST",
      "groups": [
        1,
        3
      ],
      "user_permissions": []
    }
  },
  {
    "model": "app.user",
    "pk": 3,
    "fields": {
      "password": "pbkdf2_sha256$320000$Im8rnH8wyp4UVRspcBBMNc$kYuEtnCs1nOKQsvWdbHZ78Knznpuj3wmAWtt6I2TXqw=",
      "last_login": null,
      "is_superuser": true,
      "username": "raphael@codeplatoon.org",
      "first_name": "Raphael",
      "last_name": "Serota",
      "email": "raphael@codeplatoon.org",
      "is_staff": true,
      "is_active": true,
      "date_joined": "2022-05-01T13:30:00Z",
      "avatar": "default.png",
      "metadata": null,
      "default_group": 1,
      "timezone": "CST",
      "groups": [
        1,
        2
      ],
      "user_permissions": []
    }
  },
  {
    "model": "app.user",
    "pk": 4,
    "fields": {
      "password": "pbkdf2_sha256$320000$rxlYMI7IROSM7jgrrYNYdE$pfS9QxgHjEfG9bGW/zqDWD+GNXDF+tLfno37l5XGats=",
      "last_login": null,
      "is_superuser": true,
      "username": "jon@codeplatoon.org",
      "first_name": "Jonathan",
      "last_name": "Young",
      "email": "jon@codeplatoon.org",
      "is_staff": true,
      "is_active": true,
      "date_joined": "2022-05-01T13:30:30Z",
      "avatar": "default.png",
      "metadata": null,
      "default_group": null,
      "timezone": "CST",
      "groups": [],
      "user_permissions": []
    }
  },
  {
    "model": "app.user",
    "pk": 5,
    "fields": {
      "password": "pbkdf2_sha256$320000$lS4ozFtv1Gdj1qqOwPOc5x$j/C10gCOX90VynQRpQcVaXI2/neHQ0jnf29KPb/zbVY=",
      "last_login": null,
      "is_superuser": true,
      "username": "rod@codeplatoon.org",
      "first_name": "Rodrigo",
      "last_name": "Levy",
      "email": "rod@codeplatoon.org",
      "is_staff": true,
      "is_active": true,
      "date_joined": "2022-05-01T13:30:40Z",
      "avatar": "default.png",
      "metadata": null,
      "default_group": null,
      "timezone": "CST",
      "groups": [],
      "user_permissions": []
    }
  },
  {
    "model": "app.user",
    "pk": 6,
    "fields": {
      "password": "pbkdf2_sha256$320000$quqZKdyq2n7ks4HJXSIonc$tdYqdlzhkiaeTQATuzsmwkeB+jIb4RpKsHPyY63s9EU=",
      "last_login": null,
      "is_superuser": false,
      "username": "quebec_student_1@email.com",
      "first_name": "Q One",
      "last_name": "Student",
      "email": "quebec_student_1@email.com",
      "is_staff": false,
      "is_active": true,
      "date_joined": "2022-05-01T14:04:11Z",
      "avatar": "default.png",
      "metadata": null,
      "default_group": 1,
      "timezone": "CST",
      "groups": [
        1
      ],
      "user_permissions": []
    }
  },
  {
    "model": "app.user",
    "pk": 7,
    "fields": {
      "password": "pbkdf2_sha256$320000$2ZPGFr5ZDcQH39qXBuxymh$pY8afbT8hesLJVc3K9r5Db306xp5Szaixz0OFwVkoEo=",
      "last_login": null,
      "is_superuser": false,
      "username": "quebec_student_2@email.com",
      "first_name": "Q Two",
      "last_name": "Student",
      "email": "quebec_student_2@email.com",
      "is_staff": false,
      "is_active": true,
      "date_joined": "2022-05-01T14:04:25Z",
      "avatar": "default.png",
      "metadata": null,
      "default_group": 1,
      "timezone": "CST",
      "groups": [
        1
      ],
      "user_permissions": []
    }
  },
  {
    "model": "app.user",
    "pk": 8,
    "fields": {
      "password": "pbkdf2_sha256$320000$rDFJ0FZ91frpH0MyCXoEzn$o8AVXi9tZ5cdUYewqc41/CIGjnSYImxxN5Lp6pTXLkQ=",
      "last_login": null,
      "is_superuser": false,
      "username": "quebec_student_3@email.com",
      "first_name": "Q Three",
      "last_name": "Student",
      "email": "quebec_student_3@email.com",
      "is_staff": false,
      "is_active": true,
      "date_joined": "2022-05-01T14:04:48Z",
      "avatar": "default.png",
      "metadata": null,
      "default_group": 1,
      "timezone": "CST",
      "groups": [
        1
      ],
      "user_permissions": []
    }
  },
  {
    "model": "app.user",
    "pk": 9,
    "fields": {
      "password": "pbkdf2_sha256$320000$DfToUKAC9NJmkPziAcR4iI$xq11axaIEZCbnbj8b4augoKQyyIzo21edvWk80hRreQ=",
      "last_login": null,
      "is_superuser": false,
      "username": "quebec_student_4@email.com",
      "first_name": "Q Four",
      "last_name": "Student",
      "email": "quebec_student_4@email.com",
      "is_staff": false,
      "is_active": true,
      "date_joined": "2022-05-01T14:05:14Z",
      "avatar": "default.png",
      "metadata": null,
      "default_group": 1,
      "timezone": "CST",
      "groups": [
        1
      ],
      "user_permissions": []
    }
  },
  {
    "model": "app.user",
    "pk": 10,
    "fields": {
      "password": "pbkdf2_sha256$320000$xBblTmUuuOwonN0ZHbkApi$hTp9ImamuYnAKSfQk/wSTTnbpGM6uX+l/VN8AxbqlIg=",
      "last_login": null,
      "is_superuser": false,
      "username": "quebec_student_5@email.com",
      "first_name": "Q Five",
      "last_name": "Student",
      "email": "quebec_student_5@email.com",
      "is_staff": false,
      "is_active": true,
      "date_joined": "2022-05-01T14:05:26Z",
      "avatar": "default.png",
      "metadata": null,
      "default_group": 1,
      "timezone": "CST",
      "groups": [
        1
      ],
      "user_permissions": []
    }
  },
  {
    "model": "app.user",
    "pk": 11,
    "fields": {
      "password": "pbkdf2_sha256$320000$wE8cvy4TWouMeWBv4uZksC$FkYfnqVqkKVFsrLspLKt4m91dOzJWhqi2/PJaxPuK3g=",
      "last_login": null,
      "is_superuser": false,
      "username": "quebec_student_6@email.com",
      "first_name": "Q Six",
      "last_name": "Student",
      "email": "quebec_student_6@email.com",
      "is_staff": false,
      "is_active": true,
      "date_joined": "2022-05-01T14:05:37Z",
      "avatar": "default.png",
      "metadata": null,
      "default_group": 1,
      "timezone": "CST",
      "groups": [
        1
      ],
      "user_permissions": []
    }
  },
  {
    "model": "app.user",
    "pk": 12,
    "fields": {
      "password": "pbkdf2_sha256$320000$l9JOzrRBkFPEEchn1UqYzU$KddMnj3mgAye9w5Q/qR9LMji56ifbWpqyU9zhtzOdgM=",
      "last_login": null,
      "is_superuser": false,
      "username": "quebec_ta_1@email.com",
      "first_name": "Q TA 1",
      "last_name": "TA 1",
      "email": "quebec_ta_1@email.com",
      "is_staff": true,
      "is_active": true,
      "date_joined": "2022-05-01T14:05:56Z",
      "avatar": "default.png",
      "metadata": null,
      "default_group": 1,
      "timezone": "CST",
      "groups": [
        1
      ],
      "user_permissions": []
    }
  },
  {
    "model": "app.user",
    "pk": 13,
    "fields": {
      "password": "pbkdf2_sha256$320000$u3ZIfpi18rMgsYQdg2ZEvx$uZuaT8P+EmkhgZPzyhNgkVlVYM8aQJmU4az+SIrKFbU=",
      "last_login": null,
      "is_superuser": false,
      "username": "quebec_ta_2@email.com",
      "first_name": "Q TA 2",
      "last_name": "TA 2",
      "email": "quebec_ta_2@email.com",
      "is_staff": true,
      "is_active": true,
      "date_joined": "2022-05-01T14:06:09Z",
      "avatar": "default.png",
      "metadata": null,
      "default_group": 1,
      "timezone": "CST",
      "groups": [
        1
      ],
      "user_permissions": []
    }
  },
  {
    "model": "app.user",
    "pk": 14,
    "fields": {
      "password": "pbkdf2_sha256$320000$CcDNRPJXu2w4tH0tnIYunu$2XOKxMRjg3Hw8Hy74QAkmAm1L2xfdv400vh5ZWE/DgI=",
      "last_login": null,
      "is_superuser": false,
      "username": "papa_student_1@email.com",
      "first_name": "P One",
      "last_name": "Student",
      "email": "papa_student_1@email.com",
      "is_staff": false,
      "is_active": true,
      "date_joined": "2022-05-01T14:11:04Z",
      "avatar": "default.png",
      "metadata": null,
      "default_group": 2,
      "timezone": "CST",
      "groups": [
        2
      ],
      "user_permissions": []
    }
  },
  {
    "model": "app.user",
    "pk": 15,
    "fields": {
      "password": "pbkdf2_sha256$320000$5gcR3c4GcNzi5kKc33xN8j$OwJRniSTkiNZep38HhsrhxEpNZON+mrlWxrsX8K45Mg=",
      "last_login": null,
      "is_superuser": false,
      "username": "papa_student_2@email.com",
      "first_name": "P Two",
      "last_name": "Student",
      "email": "papa_student_2@email.com",
      "is_staff": false,
      "is_active": true,
      "date_joined": "2022-05-01T14:11:16Z",
      "avatar": "default.png",
      "metadata": null,
      "default_group": 2,
      "timezone": "CST",
      "groups": [
        2
      ],
      "user_permissions": []
    }
  },
  {
    "model": "app.user",
    "pk": 16,
    "fields": {
      "password": "pbkdf2_sha256$320000$oTnhtTG9x85GTr11tP0QGG$9yBBzcSmEep90BPDuz6Xpg0xpFKTxUVYuyHuB48kHBA=",
      "last_login": null,
      "is_superuser": false,
      "username": "papa_ta_1@email.com",
      "first_name": "P TA 1",
      "last_name": "P TA 1",
      "email": "papa_ta_1@email.com",
      "is_staff": false,
      "is_active": true,
      "date_joined": "2022-05-01T14:11:33Z",
      "avatar": "default.png",
      "metadata": null,
      "default_group": 2,
      "timezone": "CST",
      "groups": [
        2
      ],
      "user_permissions": []
    }
  },
  {
    "model": "app.user",
    "pk": 19,
    "fields": {
      "password": "pbkdf2_sha256$320000$9ZjwohzoWerFUOnl89UJ6c$aWBiNhmltbCczevn1mfh2OqsEd9sNL91Vw8gend5VJU=",
      "last_login": null,
      "is_superuser": false,
      "username": "abc",
      "first_name": "John",
      "last_name": "Doe",
      "email": "abc",
      "is_staff": false,
      "is_active": true,
      "date_joined": "2022-05-01T15:32:23.142Z",
      "avatar": "default.png",
      "metadata": {
        "cohort_requested": "1"
      },
      "default_group": null,
      "timezone": "CST",
      "groups": [],
      "user_permissions": []
    }
  },
  {
    "model": "app.userlink",
    "pk": 1,
    "fields": {
      "user": 2,
      "name": "Linked In",
      "is_public": true,
      "url": "https://www.linkedin.com/in/shah-ankur/",
      "link_type": 1
    }
  },
  {
    "model": "app.userlink",
    "pk": 2,
    "fields": {
      "user": 3,
      "name": "Linked In",
      "is_public": true,
      "url": "https://www.linkedin.com/in/raphael-serota/",
      "link_type": 1
    }
  },
  {
    "model": "app.userlink",
    "pk": 3,
    "fields": {
      "user": 6,
      "name": "Linked In",
      "is_public": true,
      "url": "https://www.linkedin.com/in/",
      "link_type": 1
    }
  },
  {
    "model": "app.userlink",
    "pk": 4,
    "fields": {
      "user": 4,
      "name": "https://www.linkedin.com/",
      "is_public": true,
      "url": "https://www.linkedin.com/",
      "link_type": 1
    }
  },
  {
    "model": "app.userlink",
    "pk": 5,
    "fields": {
      "user": 14,
      "name": "https://www.linkedin.com/",
      "is_public": true,
      "url": "https://www.linkedin.com/",
      "link_type": 1
    }
  },
  {
    "model": "app.userlink",
    "pk": 6,
    "fields": {
      "user": 15,
      "name": "https://www.linkedin.com/",
      "is_public": true,
      "url": "https://www.linkedin.com/",
      "link_type": 1
    }
  },
  {
    "model": "app.userlink",
    "pk": 7,
    "fields": {
      "user": 16,
      "name": "https://www.linkedin.com/",
      "is_public": true,
      "url": "https://www.linkedin.com/",
      "link_type": 1
    }
  },
  {
    "model": "app.userlink",
    "pk": 9,
    "fields": {
      "user": 7,
      "name": "https://www.linkedin.com/",
      "is_public": true,
      "url": "https://www.linkedin.com/",
      "link_type": 1
    }
  },
  {
    "model": "app.userlink",
    "pk": 10,
    "fields": {
      "user": 12,
      "name": "https://www.linkedin.com/",
      "is_public": true,
      "url": "https://www.linkedin.com/",
      "link_type": 1
    }
  },
  {
    "model": "app.userlink",
    "pk": 11,
    "fields": {
      "user": 13,
      "name": "https://www.linkedin.com/",
      "is_public": true,
      "url": "https://www.linkedin.com/",
      "link_type": 1
    }
  },
  {
    "model": "app.userlink",
    "pk": 12,
    "fields": {
      "user": 5,
      "name": "https://www.linkedin.com/",
      "is_public": true,
      "url": "https://www.linkedin.com/",
      "link_type": 1
    }
  },
  {
    "model": "app.userlink",
    "pk": 13,
    "fields": {
      "user": 2,
      "name": "GitHub",
      "is_public": true,
      "url": "https://github.com/ankur-cp",
      "link_type": 2
    }
  },
  {
    "model": "app.userlink",
    "pk": 14,
    "fields": {
      "user": 4,
      "name": "https://github.com/",
      "is_public": true,
      "url": "https://github.com/",
      "link_type": 2
    }
  },
  {
    "model": "app.userlink",
    "pk": 15,
    "fields": {
      "user": 14,
      "name": "https://github.com/",
      "is_public": true,
      "url": "https://github.com/",
      "link_type": 2
    }
  },
  {
    "model": "app.userlink",
    "pk": 16,
    "fields": {
      "user": 15,
      "name": "https://github.com/",
      "is_public": true,
      "url": "https://github.com/",
      "link_type": 2
    }
  },
  {
    "model": "app.userlink",
    "pk": 17,
    "fields": {
      "user": 16,
      "name": "https://github.com/",
      "is_public": true,
      "url": "https://github.com/",
      "link_type": 2
    }
  },
  {
    "model": "app.userlink",
    "pk": 18,
    "fields": {
      "user": 6,
      "name": "https://github.com/",
      "is_public": true,
      "url": "https://github.com/",
      "link_type": 2
    }
  },
  {
    "model": "app.userlink",
    "pk": 19,
    "fields": {
      "user": 7,
      "name": "https://github.com/",
      "is_public": true,
      "url": "https://github.com/",
      "link_type": 2
    }
  },
  {
    "model": "app.userlink",
    "pk": 20,
    "fields": {
      "user": 7,
      "name": "https://github.com/",
      "is_public": true,
      "url": "https://github.com/",
      "link_type": 2
    }
  },
  {
    "model": "app.userlink",
    "pk": 21,
    "fields": {
      "user": 8,
      "name": "https://github.com/",
      "is_public": true,
      "url": "https://github.com/",
      "link_type": 2
    }
  },
  {
    "model": "app.userlink",
    "pk": 22,
    "fields": {
      "user": 9,
      "name": "https://github.com/",
      "is_public": true,
      "url": "https://github.com/",
      "link_type": 2
    }
  },
  {
    "model": "app.userlink",
    "pk": 23,
    "fields": {
      "user": 10,
      "name": "https://github.com/",
      "is_public": true,
      "url": "https://github.com/",
      "link_type": 2
    }
  },
  {
    "model": "app.userlink",
    "pk": 24,
    "fields": {
      "user": 11,
      "name": "https://github.com/",
      "is_public": true,
      "url": "https://github.com/",
      "link_type": 2
    }
  },
  {
    "model": "app.userlink",
    "pk": 25,
    "fields": {
      "user": 12,
      "name": "https://github.com/",
      "is_public": true,
      "url": "https://github.com/",
      "link_type": 2
    }
  },
  {
    "model": "app.userlink",
    "pk": 26,
    "fields": {
      "user": 13,
      "name": "https://github.com/",
      "is_public": true,
      "url": "https://github.com/",
      "link_type": 2
    }
  },
  {
    "model": "app.userlink",
    "pk": 27,
    "fields": {
      "user": 3,
      "name": "https://github.com/",
      "is_public": true,
      "url": "https://github.com/",
      "link_type": 2
    }
  },
  {
    "model": "app.userlink",
    "pk": 28,
    "fields": {
      "user": 5,
      "name": "https://github.com/",
      "is_public": true,
      "url": "https://github.com/",
      "link_type": 2
    }
  },
  {
    "model": "app.checkin",
    "pk": 1,
    "fields": {
      "date": "2022-05-01",
      "group": 1,
      "user": [
        6
      ]
    }
  },
  {
    "model": "app.checkin",
    "pk": 5,
    "fields": {
      "date": "2022-05-02",
      "group": 1,
      "user": [
        6
      ]
    }
  },
  {
    "model": "app.topic",
    "pk": 1,
    "fields": {
      "group": 1,
      "title": "Javascript",
      "description": "",
      "sub_topics": [
        11
      ]
    }
  },
  {
    "model": "app.topic",
    "pk": 2,
    "fields": {
      "group": 1,
      "title": "CLI (Command Line Interface)",
      "description": "",
      "sub_topics": [
        3,
        4
      ]
    }
  },
  {
    "model": "app.topic",
    "pk": 3,
    "fields": {
      "group": 1,
      "title": "GIT",
      "description": "",
      "sub_topics": [
        2
      ]
    }
  },
  {
    "model": "app.topic",
    "pk": 4,
    "fields": {
      "group": 1,
      "title": "Linux",
      "description": "",
      "sub_topics": [
        2
      ]
    }
  },
  {
    "model": "app.topic",
    "pk": 5,
    "fields": {
      "group": 1,
      "title": "HTML/CSS",
      "description": "",
      "sub_topics": []
    }
  },
  {
    "model": "app.topic",
    "pk": 6,
    "fields": {
      "group": 1,
      "title": "Databases/SQL",
      "description": "",
      "sub_topics": []
    }
  },
  {
    "model": "app.topic",
    "pk": 7,
    "fields": {
      "group": 1,
      "title": "Python",
      "description": "",
      "sub_topics": []
    }
  },
  {
    "model": "app.topic",
    "pk": 8,
    "fields": {
      "group": 1,
      "title": "Django",
      "description": "",
      "sub_topics": []
    }
  },
  {
    "model": "app.topic",
    "pk": 9,
    "fields": {
      "group": 1,
      "title": "React",
      "description": "",
      "sub_topics": []
    }
  },
  {
    "model": "app.topic",
    "pk": 10,
    "fields": {
      "group": 1,
      "title": "APIs",
      "description": "",
      "sub_topics": []
    }
  },
  {
    "model": "app.topic",
    "pk": 11,
    "fields": {
      "group": 1,
      "title": "JavaScript Fundamentals",
      "description": "",
      "sub_topics": [
        1
      ]
    }
  },
  {
    "model": "app.topic",
    "pk": 12,
    "fields": {
      "group": 1,
      "title": "Review",
      "description": "",
      "sub_topics": []
    }
  },
  {
    "model": "app.lesson",
    "pk": 7,
    "fields": {
      "topic": 11,
      "title": "CLI/GIT/Intro to javascript",
      "description": "Get your local machine set up to start the course\r\nExploring your IDE (VSCode)\r\nBe able to navigate your computer using the command line\r\nCreate and manage git repositories using the command line",
      "lesson_file_path": "week-01/2022-01-31.md",
      "img_url": null,
      "date": "2022-01-31",
      "start_time": "2022-01-31T09:00:00Z",
      "stop_time": "2022-01-31T12:00:00Z"
    }
  },
  {
    "model": "app.lesson",
    "pk": 8,
    "fields": {
      "topic": 11,
      "title": "JS fundamentals / libraries",
      "description": "Pair Programming\r\nYou will likely be pair programming at your first job in some capacity. It's an important skill to have because it helps you communicate your thought process and enables you to learn from other developers.\r\nJS Fundamentals\r\nJavascript is the language of the Web and you'll need to know it if you want to become a full stack software engineer.\r\nJavascript Libraries",
      "lesson_file_path": "week-01/2022-02-01.md",
      "img_url": null,
      "date": "2022-02-01",
      "start_time": "2022-02-01T09:00:00Z",
      "stop_time": "2022-02-01T12:00:00Z"
    }
  },
  {
    "model": "app.lesson",
    "pk": 9,
    "fields": {
      "topic": 7,
      "title": "Python Intro",
      "description": "Understand basic Python syntax\r\nUnderstand variable types\r\nUnderstand basic data types\r\nUnderstand data structures:\r\nlists\r\ntuples\r\ndictionaries\r\nUnderstand control flow in Python:\r\nif-statements\r\nfor-loops\r\nwhile-loops\r\nUnderstand some common built-in methods\r\nbuilt-in methods for strings, lists, dicts, etc\r\ndestructive vs non-destructive methods",
      "lesson_file_path": "week-01/2022-02-02.md",
      "img_url": null,
      "date": "2022-02-02",
      "start_time": "2022-02-02T09:00:00Z",
      "stop_time": "2022-02-02T12:00:00Z"
    }
  },
  {
    "model": "app.lesson",
    "pk": 10,
    "fields": {
      "topic": 7,
      "title": "Python Fundamentals",
      "description": "Understand lambda functions\r\nUnderstand list methods map(), filter(), sort(), reduce()\r\nUnderstand ternary statements\r\nUnderstand list comprehensions\r\nUnderstand Try-Except error handling",
      "lesson_file_path": "week-01/2022-02-03.md",
      "img_url": null,
      "date": "2022-02-03",
      "start_time": "2022-02-03T09:00:00Z",
      "stop_time": "2022-02-03T12:00:00Z"
    }
  },
  {
    "model": "app.lesson",
    "pk": 11,
    "fields": {
      "topic": 12,
      "title": "JS/Python Review",
      "description": "JS/Python Review",
      "lesson_file_path": "week-01/2022-02-04.md",
      "img_url": null,
      "date": "2022-02-04",
      "start_time": "2022-02-04T09:00:00Z",
      "stop_time": "2022-02-04T12:00:00Z"
    }
  },
  {
    "model": "app.lessonlink",
    "pk": 17,
    "fields": {
      "lesson": 7,
      "url": "https://github.com/quebecplatoon/algo-99-bottles",
      "description": "99 Bottles in JS",
      "link_type": 1
    }
  },
  {
    "model": "app.lessonlink",
    "pk": 18,
    "fields": {
      "lesson": 7,
      "url": "https://github.com/quebecplatoon/algo-deaf-grandma",
      "description": "Deaf Grandma in JS",
      "link_type": 1
    }
  },
  {
    "model": "app.lessonlink",
    "pk": 19,
    "fields": {
      "lesson": 7,
      "url": "https://github.com/quebecplatoon/misc-command-line",
      "description": "Terminal Commands In Depth ...nothing to submit here but necessary reading",
      "link_type": 0
    }
  },
  {
    "model": "app.lessonlink",
    "pk": 20,
    "fields": {
      "lesson": 8,
      "url": "https://github.com/quebecplatoon/algo-roman-numerals",
      "description": "Roman Numerals in JS",
      "link_type": 1
    }
  },
  {
    "model": "app.lessonlink",
    "pk": 21,
    "fields": {
      "lesson": 8,
      "url": "http://learngitbranching.js.org/",
      "description": "Git Practice",
      "link_type": 1
    }
  },
  {
    "model": "app.lessonlink",
    "pk": 22,
    "fields": {
      "lesson": 8,
      "url": "https://github.com/quebecplatoon/algo-factorial",
      "description": "Factorial in JS",
      "link_type": 1
    }
  },
  {
    "model": "app.lessonlink",
    "pk": 23,
    "fields": {
      "lesson": 8,
      "url": "https://github.com/quebecplatoon/algo-fibonacci",
      "description": "Fibonacci in JS",
      "link_type": 1
    }
  },
  {
    "model": "app.lessonlink",
    "pk": 24,
    "fields": {
      "lesson": 8,
      "url": "https://github.com/quebecplatoon/algo-linear-search",
      "description": "Linear Search in JS",
      "link_type": 1
    }
  },
  {
    "model": "app.lessonlink",
    "pk": 25,
    "fields": {
      "lesson": 8,
      "url": "https://education.github.com/git-cheat-sheet-education.pdf",
      "description": "Cheatsheet",
      "link_type": 0
    }
  },
  {
    "model": "app.lessonlink",
    "pk": 26,
    "fields": {
      "lesson": 8,
      "url": "https://github.com/quebecplatoon/git-resource",
      "description": "Git Resource",
      "link_type": 0
    }
  },
  {
    "model": "app.lessonlink",
    "pk": 27,
    "fields": {
      "lesson": 8,
      "url": "https://github.com/quebecplatoon/curriculum/blob/master/page-resources/javascript_control_flow.pdf",
      "description": "JS Fundamentals - control flow, if/else, loops, etc",
      "link_type": 0
    }
  },
  {
    "model": "app.lessonlink",
    "pk": 28,
    "fields": {
      "lesson": 9,
      "url": "https://github.com/quebecplatoon/curriculum/blob/master/page-resources/python_fundamentals.md",
      "description": "Python Fundamentals",
      "link_type": 0
    }
  },
  {
    "model": "app.lessonlink",
    "pk": 29,
    "fields": {
      "lesson": 9,
      "url": "https://github.com/quebecplatoon/algo-99-Bottles",
      "description": "99 Bottles in Python",
      "link_type": 1
    }
  },
  {
    "model": "app.lessonlink",
    "pk": 30,
    "fields": {
      "lesson": 9,
      "url": "https://github.com/quebecplatoon/algo-deaf-grandma",
      "description": "Deaf Grandma in Python",
      "link_type": 1
    }
  },
  {
    "model": "app.lessonlink",
    "pk": 31,
    "fields": {
      "lesson": 9,
      "url": "https://github.com/quebecplatoon/algo-roman-numerals",
      "description": "Roman Numerals in Python",
      "link_type": 1
    }
  },
  {
    "model": "app.lessonlink",
    "pk": 32,
    "fields": {
      "lesson": 9,
      "url": "https://github.com/quebecplatoon/algo-fibonacci",
      "description": "Fibonacci in Python",
      "link_type": 1
    }
  },
  {
    "model": "app.lessonlink",
    "pk": 33,
    "fields": {
      "lesson": 9,
      "url": "https://github.com/quebecplatoon/algo-factorial",
      "description": "Factorial in Python",
      "link_type": 1
    }
  },
  {
    "model": "app.lessonlink",
    "pk": 34,
    "fields": {
      "lesson": 9,
      "url": "https://github.com/quebecplatoon/algo-linear-search",
      "description": "Linear Search in Python",
      "link_type": 1
    }
  },
  {
    "model": "app.lessonlink",
    "pk": 35,
    "fields": {
      "lesson": 10,
      "url": "https://realpython.com/python-vs-javascript/#javascript-vs-python",
      "description": "Python vs. JavaScript",
      "link_type": 0
    }
  },
  {
    "model": "app.lessonlink",
    "pk": 36,
    "fields": {
      "lesson": 10,
      "url": "https://www.tutorialspoint.com/python/python_modules.htm",
      "description": "Python Modules",
      "link_type": 0
    }
  },
  {
    "model": "app.lessonlink",
    "pk": 37,
    "fields": {
      "lesson": 10,
      "url": "https://github.com/quebecplatoon/algo-armstrong-numbers",
      "description": "Armstrong Numbers in JS/Python",
      "link_type": 1
    }
  },
  {
    "model": "app.lessonlink",
    "pk": 38,
    "fields": {
      "lesson": 10,
      "url": "https://github.com/quebecplatoon/algo-sum-pairs",
      "description": "Sum Pairs in JS/Python",
      "link_type": 1
    }
  },
  {
    "model": "app.lessonlink",
    "pk": 39,
    "fields": {
      "lesson": 10,
      "url": "https://github.com/quebecplatoon/algo-credit-check",
      "description": "Credit Check in JS/Python",
      "link_type": 1
    }
  },
  {
    "model": "app.lessonlink",
    "pk": 40,
    "fields": {
      "lesson": 10,
      "url": "https://github.com/quebecplatoon/algo-anagrams-i",
      "description": "Anagrams I in JS/Python",
      "link_type": 1
    }
  },
  {
    "model": "app.lessonlink",
    "pk": 41,
    "fields": {
      "lesson": 10,
      "url": "https://github.com/quebecplatoon/algo-debugging-one",
      "description": "Debugging One",
      "link_type": 1
    }
  },
  {
    "model": "app.lessonlink",
    "pk": 42,
    "fields": {
      "lesson": 10,
      "url": "https://pythontips.com/2013/07/30/20-python-libraries-you-cant-live-without/",
      "description": "Useful libraries",
      "link_type": 0
    }
  },
  {
    "model": "app.lessonlink",
    "pk": 43,
    "fields": {
      "lesson": 11,
      "url": "https://github.com/quebecplatoon/git-pair",
      "description": "Practice with a Pair",
      "link_type": 1
    }
  },
  {
    "model": "app.lessonlink",
    "pk": 44,
    "fields": {
      "lesson": 11,
      "url": "https://github.com/quebecplatoon/algo-anagrams-ii",
      "description": "Anagrams II in JS/Python",
      "link_type": 1
    }
  },
  {
    "model": "app.lessonlink",
    "pk": 45,
    "fields": {
      "lesson": 11,
      "url": "https://github.com/quebecplatoon/algo-character-count",
      "description": "Character Count in JS/Python",
      "link_type": 1
    }
  },
  {
    "model": "app.lessonlink",
    "pk": 46,
    "fields": {
      "lesson": 11,
      "url": "https://github.com/quebecplatoon/algo-palindromes",
      "description": "Palindromes in JS/Python",
      "link_type": 1
    }
  },
  {
    "model": "app.lessonlink",
    "pk": 47,
    "fields": {
      "lesson": 11,
      "url": "https://github.com/quebecplatoon/algo-calculate-mode",
      "description": "Calculate Mode in JS/Python",
      "link_type": 1
    }
  },
  {
    "model": "app.lessonlink",
    "pk": 48,
    "fields": {
      "lesson": 11,
      "url": "https://github.com/quebecplatoon/algo-pad-array",
      "description": "Pad an Array in JS/Python",
      "link_type": 1
    }
  },
  {
    "model": "app.lessonlink",
    "pk": 49,
    "fields": {
      "lesson": 11,
      "url": "https://github.com/quebecplatoon/algo-balanced-parentheses",
      "description": "Balanced Parentheses in JS/Python",
      "link_type": 1
    }
  },
  {
    "model": "app.cohort",
    "pk": 1,
    "fields": {
      "github_key": "5554565dd",
      "metadata": {
        "course_roadmap": "https://somelink.com",
        "youtube": "https://www.youtube.com/channel/UCASZ7zW_Egu0T4KG3YEdGfw/playlists",
        "calendar": "https://docs.google.com/spreadsheets/d/1lOA3uPlX6tU0QvSAZmdCxPBvCpLcfm0H-0DSCMhjn5s/edit?usp=sharing",
        "student_handbook": "https://docs.google.com/document/d/1KgNFbDhihSJv6OGYjFDhESaDJ6ljOyVoRQse7oQH1I0/edit?usp=sharing",
        "student_wiki": "https://docs.google.com/spreadsheets/d/1nX1ylt8AOWVnwZ5v-naN7K2bfhlfZm8TRzepOuXdqWw/edit#gid=0"
      },
      "calendar_key": null
    }
  },
  {
    "model": "token_blacklist.outstandingtoken",
    "pk": 1,
    "fields": {
      "user": 1,
      "jti": "c3c197f302e14c1fa4a872e62743bc0d",
      "token": "eyJ0eXAiOiJKV1QiLCJhbGciOiJIUzI1NiJ9.eyJ0b2tlbl90eXBlIjoicmVmcmVzaCIsImV4cCI6MTY1OTEwNTUwNSwiaWF0IjoxNjUxMzI5NTA1LCJqdGkiOiJjM2MxOTdmMzAyZTE0YzFmYTRhODcyZTYyNzQzYmMwZCIsInVzZXJfaWQiOjF9.vJWiNa-pzs_VWV7PbonylTaChURzyv7EHC41OW333hs",
      "created_at": "2022-04-30T14:38:25.650Z",
      "expires_at": "2022-07-29T14:38:25Z"
    }
  },
  {
    "model": "token_blacklist.outstandingtoken",
    "pk": 2,
    "fields": {
      "user": 1,
      "jti": "4b7454fa6555479caca1bd199c25cb17",
      "token": "eyJ0eXAiOiJKV1QiLCJhbGciOiJIUzI1NiJ9.eyJ0b2tlbl90eXBlIjoicmVmcmVzaCIsImV4cCI6MTY1OTExMDUxNSwiaWF0IjoxNjUxMzM0NTE1LCJqdGkiOiI0Yjc0NTRmYTY1NTU0NzljYWNhMWJkMTk5YzI1Y2IxNyIsInVzZXJfaWQiOjF9.CCp0JiC2GKbC-UQm2xt05Pzv9RIxDH_cJdP3GCdaJMA",
      "created_at": "2022-04-30T16:01:55.588Z",
      "expires_at": "2022-07-29T16:01:55Z"
    }
  },
  {
    "model": "token_blacklist.outstandingtoken",
    "pk": 3,
    "fields": {
      "user": 1,
      "jti": "16c106a597c14db5913c650e1818e2d3",
      "token": "eyJ0eXAiOiJKV1QiLCJhbGciOiJIUzI1NiJ9.eyJ0b2tlbl90eXBlIjoicmVmcmVzaCIsImV4cCI6MTY1OTExMDU1NCwiaWF0IjoxNjUxMzM0NTU0LCJqdGkiOiIxNmMxMDZhNTk3YzE0ZGI1OTEzYzY1MGUxODE4ZTJkMyIsInVzZXJfaWQiOjF9.KxIiHTFExwarsvG7a6P5Mewx4hJHyqfU9trpHPADsiY",
      "created_at": "2022-04-30T16:02:34.965Z",
      "expires_at": "2022-07-29T16:02:34Z"
    }
  },
  {
    "model": "token_blacklist.outstandingtoken",
    "pk": 4,
    "fields": {
      "user": 1,
      "jti": "343c7721db3e43d09aeaeff3bc453e9e",
      "token": "eyJ0eXAiOiJKV1QiLCJhbGciOiJIUzI1NiJ9.eyJ0b2tlbl90eXBlIjoicmVmcmVzaCIsImV4cCI6MTY1OTExMDY2OCwiaWF0IjoxNjUxMzM0NjY4LCJqdGkiOiIzNDNjNzcyMWRiM2U0M2QwOWFlYWVmZjNiYzQ1M2U5ZSIsInVzZXJfaWQiOjF9.eJftFiugBzXUxNJbu-uzWHuCXGiI6mVuHYm8mK-mIM4",
      "created_at": "2022-04-30T16:04:28.830Z",
      "expires_at": "2022-07-29T16:04:28Z"
    }
  },
  {
    "model": "token_blacklist.outstandingtoken",
    "pk": 5,
    "fields": {
      "user": 1,
      "jti": "847035bd754946d7a66360c41c60c9eb",
      "token": "eyJ0eXAiOiJKV1QiLCJhbGciOiJIUzI1NiJ9.eyJ0b2tlbl90eXBlIjoicmVmcmVzaCIsImV4cCI6MTY1OTExMDczMCwiaWF0IjoxNjUxMzM0NzMwLCJqdGkiOiI4NDcwMzViZDc1NDk0NmQ3YTY2MzYwYzQxYzYwYzllYiIsInVzZXJfaWQiOjF9.ThneDkQ2DDF1H743ERmHKf0NbfDvMAAZuH66pEuMl_I",
      "created_at": "2022-04-30T16:05:30.080Z",
      "expires_at": "2022-07-29T16:05:30Z"
    }
  },
  {
    "model": "token_blacklist.outstandingtoken",
    "pk": 6,
    "fields": {
      "user": 1,
      "jti": "ee6f4367769a404fa9f3aa46a9c4c4cd",
      "token": "eyJ0eXAiOiJKV1QiLCJhbGciOiJIUzI1NiJ9.eyJ0b2tlbl90eXBlIjoicmVmcmVzaCIsImV4cCI6MTY1OTExMDgxMywiaWF0IjoxNjUxMzM0ODEzLCJqdGkiOiJlZTZmNDM2Nzc2OWE0MDRmYTlmM2FhNDZhOWM0YzRjZCIsInVzZXJfaWQiOjF9.mnTN9Hy607ybjP9yDTOVuh-RqQzbKcMZJ1wKdI7qoLU",
      "created_at": "2022-04-30T16:06:53.082Z",
      "expires_at": "2022-07-29T16:06:53Z"
    }
  },
  {
    "model": "token_blacklist.outstandingtoken",
    "pk": 7,
    "fields": {
      "user": 1,
      "jti": "cdfe792c0d5642a8bff3121a9480f0ed",
      "token": "eyJ0eXAiOiJKV1QiLCJhbGciOiJIUzI1NiJ9.eyJ0b2tlbl90eXBlIjoicmVmcmVzaCIsImV4cCI6MTY1OTExMTEzNiwiaWF0IjoxNjUxMzM1MTM2LCJqdGkiOiJjZGZlNzkyYzBkNTY0MmE4YmZmMzEyMWE5NDgwZjBlZCIsInVzZXJfaWQiOjF9._m_skrL_tpw1IahFC39tJyrntzBiaHSyWlh2thPjNWU",
      "created_at": "2022-04-30T16:12:16.298Z",
      "expires_at": "2022-07-29T16:12:16Z"
    }
  },
  {
    "model": "token_blacklist.outstandingtoken",
    "pk": 8,
    "fields": {
      "user": 1,
      "jti": "57939ea276b348d6bf1ff5941a9a4656",
      "token": "eyJ0eXAiOiJKV1QiLCJhbGciOiJIUzI1NiJ9.eyJ0b2tlbl90eXBlIjoicmVmcmVzaCIsImV4cCI6MTY1OTExMTI4MSwiaWF0IjoxNjUxMzM1MjgxLCJqdGkiOiI1NzkzOWVhMjc2YjM0OGQ2YmYxZmY1OTQxYTlhNDY1NiIsInVzZXJfaWQiOjF9.YeaZmjJiiZk6egLWzoNWEnjz9aoWICFY98_5ZYvnR8A",
      "created_at": "2022-04-30T16:14:41.578Z",
      "expires_at": "2022-07-29T16:14:41Z"
    }
  },
  {
    "model": "token_blacklist.outstandingtoken",
    "pk": 9,
    "fields": {
      "user": 1,
      "jti": "f1e0cc2ddf904cac8964259207d655ee",
      "token": "eyJ0eXAiOiJKV1QiLCJhbGciOiJIUzI1NiJ9.eyJ0b2tlbl90eXBlIjoicmVmcmVzaCIsImV4cCI6MTY1OTExMzE1NCwiaWF0IjoxNjUxMzM3MTU0LCJqdGkiOiJmMWUwY2MyZGRmOTA0Y2FjODk2NDI1OTIwN2Q2NTVlZSIsInVzZXJfaWQiOjF9.P6s6A6mzSlE7S_GF1xESYJlUi7fhKFto05U7Qvypg6U",
      "created_at": "2022-04-30T16:45:54.897Z",
      "expires_at": "2022-07-29T16:45:54Z"
    }
  },
  {
    "model": "token_blacklist.outstandingtoken",
    "pk": 10,
    "fields": {
      "user": 1,
      "jti": "6047098c14e74d07a3866381a9a8bb47",
      "token": "eyJ0eXAiOiJKV1QiLCJhbGciOiJIUzI1NiJ9.eyJ0b2tlbl90eXBlIjoicmVmcmVzaCIsImV4cCI6MTY1OTExMzYxNSwiaWF0IjoxNjUxMzM3NjE1LCJqdGkiOiI2MDQ3MDk4YzE0ZTc0ZDA3YTM4NjYzODFhOWE4YmI0NyIsInVzZXJfaWQiOjF9.vXF5BV5V-13KN6yb1zzefE0MJUSlyZCqIHqynKjTzTw",
      "created_at": "2022-04-30T16:53:35.249Z",
      "expires_at": "2022-07-29T16:53:35Z"
    }
  },
  {
    "model": "token_blacklist.outstandingtoken",
    "pk": 11,
    "fields": {
      "user": 1,
      "jti": "7266a59efe514c9ea01f4d61ca4d7099",
      "token": "eyJ0eXAiOiJKV1QiLCJhbGciOiJIUzI1NiJ9.eyJ0b2tlbl90eXBlIjoicmVmcmVzaCIsImV4cCI6MTY1OTExMzY2MiwiaWF0IjoxNjUxMzM3NjYyLCJqdGkiOiI3MjY2YTU5ZWZlNTE0YzllYTAxZjRkNjFjYTRkNzA5OSIsInVzZXJfaWQiOjF9.12tgQbF1i2NevsPfWg5Y_4Ln0zyFUu-lmik8U5AQEIw",
      "created_at": "2022-04-30T16:54:22.180Z",
      "expires_at": "2022-07-29T16:54:22Z"
    }
  },
  {
    "model": "token_blacklist.outstandingtoken",
    "pk": 12,
    "fields": {
      "user": 1,
      "jti": "1bef129780004ea7bf7384a726794ac5",
      "token": "eyJ0eXAiOiJKV1QiLCJhbGciOiJIUzI1NiJ9.eyJ0b2tlbl90eXBlIjoicmVmcmVzaCIsImV4cCI6MTY1OTExMzkyMywiaWF0IjoxNjUxMzM3OTIzLCJqdGkiOiIxYmVmMTI5NzgwMDA0ZWE3YmY3Mzg0YTcyNjc5NGFjNSIsInVzZXJfaWQiOjF9.06ujODst6uQDb63BGQztU5iA-YniGvzgndKjauUeL64",
      "created_at": "2022-04-30T16:58:43.731Z",
      "expires_at": "2022-07-29T16:58:43Z"
    }
  },
  {
    "model": "token_blacklist.outstandingtoken",
    "pk": 13,
    "fields": {
      "user": 1,
      "jti": "cb59c65ec0a84b78b108d293e617d438",
      "token": "eyJ0eXAiOiJKV1QiLCJhbGciOiJIUzI1NiJ9.eyJ0b2tlbl90eXBlIjoicmVmcmVzaCIsImV4cCI6MTY1OTExNDE0NSwiaWF0IjoxNjUxMzM4MTQ1LCJqdGkiOiJjYjU5YzY1ZWMwYTg0Yjc4YjEwOGQyOTNlNjE3ZDQzOCIsInVzZXJfaWQiOjF9.brSSL6nT_0v93j-rNLAILtWRTB8IKprT2LOeSvleGYo",
      "created_at": "2022-04-30T17:02:25.091Z",
      "expires_at": "2022-07-29T17:02:25Z"
    }
  },
  {
    "model": "token_blacklist.outstandingtoken",
    "pk": 14,
    "fields": {
      "user": 1,
      "jti": "332b13a27486499caa346afb56aa469f",
      "token": "eyJ0eXAiOiJKV1QiLCJhbGciOiJIUzI1NiJ9.eyJ0b2tlbl90eXBlIjoicmVmcmVzaCIsImV4cCI6MTY1OTE0ODg0NSwiaWF0IjoxNjUxMzcyODQ1LCJqdGkiOiIzMzJiMTNhMjc0ODY0OTljYWEzNDZhZmI1NmFhNDY5ZiIsInVzZXJfaWQiOjF9.k62LwNJNlTWxxSR4RWCNRAPg_kmzH4uRJvrYerRsSQw",
      "created_at": "2022-05-01T02:40:45.120Z",
      "expires_at": "2022-07-30T02:40:45Z"
    }
  },
  {
    "model": "token_blacklist.outstandingtoken",
    "pk": 15,
    "fields": {
      "user": 1,
      "jti": "b24381ab208d4598a0e7781bf18491b7",
      "token": "eyJ0eXAiOiJKV1QiLCJhbGciOiJIUzI1NiJ9.eyJ0b2tlbl90eXBlIjoicmVmcmVzaCIsImV4cCI6MTY1OTE0OTExMywiaWF0IjoxNjUxMzczMTEzLCJqdGkiOiJiMjQzODFhYjIwOGQ0NTk4YTBlNzc4MWJmMTg0OTFiNyIsInVzZXJfaWQiOjF9.dmuv8dXDjtb-dTZzePi9AwbFGT_yVIVuY3LefLcKBlc",
      "created_at": "2022-05-01T02:45:13.201Z",
      "expires_at": "2022-07-30T02:45:13Z"
    }
  },
  {
    "model": "token_blacklist.outstandingtoken",
    "pk": 16,
    "fields": {
      "user": 1,
      "jti": "2ecbbb3e6cba4957a74079eb7388f719",
      "token": "eyJ0eXAiOiJKV1QiLCJhbGciOiJIUzI1NiJ9.eyJ0b2tlbl90eXBlIjoicmVmcmVzaCIsImV4cCI6MTY1OTE0OTIyOSwiaWF0IjoxNjUxMzczMjI5LCJqdGkiOiIyZWNiYmIzZTZjYmE0OTU3YTc0MDc5ZWI3Mzg4ZjcxOSIsInVzZXJfaWQiOjF9.lBvaFZCj6qSfjZ1ygjuLPP2DvYDMf2R3cRFuQtDYwZI",
      "created_at": "2022-05-01T02:47:09.832Z",
      "expires_at": "2022-07-30T02:47:09Z"
    }
  },
  {
    "model": "token_blacklist.outstandingtoken",
    "pk": 17,
    "fields": {
      "user": 1,
      "jti": "5824452b031c4cf3987e79145467d3ec",
      "token": "eyJ0eXAiOiJKV1QiLCJhbGciOiJIUzI1NiJ9.eyJ0b2tlbl90eXBlIjoicmVmcmVzaCIsImV4cCI6MTY1OTE0OTUwNiwiaWF0IjoxNjUxMzczNTA2LCJqdGkiOiI1ODI0NDUyYjAzMWM0Y2YzOTg3ZTc5MTQ1NDY3ZDNlYyIsInVzZXJfaWQiOjF9.2XpgOXIeyCMYo77yswEdduNKDuAma9jqW6q0SUhNdtQ",
      "created_at": "2022-05-01T02:51:46.879Z",
      "expires_at": "2022-07-30T02:51:46Z"
    }
  },
  {
    "model": "token_blacklist.outstandingtoken",
    "pk": 18,
    "fields": {
      "user": 1,
      "jti": "ac3199bb724b46d782134b19ff4c9834",
      "token": "eyJ0eXAiOiJKV1QiLCJhbGciOiJIUzI1NiJ9.eyJ0b2tlbl90eXBlIjoicmVmcmVzaCIsImV4cCI6MTY1OTE0OTY3MiwiaWF0IjoxNjUxMzczNjcyLCJqdGkiOiJhYzMxOTliYjcyNGI0NmQ3ODIxMzRiMTlmZjRjOTgzNCIsInVzZXJfaWQiOjF9.F1wleEiDvtoPsXuT3cjL-eLidYSn0RxF6uEHWLWELYg",
      "created_at": "2022-05-01T02:54:32.065Z",
      "expires_at": "2022-07-30T02:54:32Z"
    }
  },
  {
    "model": "token_blacklist.outstandingtoken",
    "pk": 19,
    "fields": {
      "user": 1,
      "jti": "6c2f9dfdeaed421f897d9a8026683fd8",
      "token": "eyJ0eXAiOiJKV1QiLCJhbGciOiJIUzI1NiJ9.eyJ0b2tlbl90eXBlIjoicmVmcmVzaCIsImV4cCI6MTY1OTE0OTY5MCwiaWF0IjoxNjUxMzczNjkwLCJqdGkiOiI2YzJmOWRmZGVhZWQ0MjFmODk3ZDlhODAyNjY4M2ZkOCIsInVzZXJfaWQiOjF9.pp5JK7fEGdrRmuT2bxIiG1yyZQX_EwOY04iUWlVukI8",
      "created_at": "2022-05-01T02:54:50.176Z",
      "expires_at": "2022-07-30T02:54:50Z"
    }
  },
  {
    "model": "token_blacklist.outstandingtoken",
    "pk": 20,
    "fields": {
      "user": 1,
      "jti": "b91b9b49b32341479214b0ff2237b6b3",
      "token": "eyJ0eXAiOiJKV1QiLCJhbGciOiJIUzI1NiJ9.eyJ0b2tlbl90eXBlIjoicmVmcmVzaCIsImV4cCI6MTY1OTE0OTcyMCwiaWF0IjoxNjUxMzczNzIwLCJqdGkiOiJiOTFiOWI0OWIzMjM0MTQ3OTIxNGIwZmYyMjM3YjZiMyIsInVzZXJfaWQiOjF9.Cm5fUfF5nAGsOWK6NUqt8puhgD711tRMqm8wZkhUC_M",
      "created_at": "2022-05-01T02:55:20.949Z",
      "expires_at": "2022-07-30T02:55:20Z"
    }
  },
  {
    "model": "token_blacklist.outstandingtoken",
    "pk": 21,
    "fields": {
      "user": 1,
      "jti": "cc7ce2b00a99477a98c8234facdcc94f",
      "token": "eyJ0eXAiOiJKV1QiLCJhbGciOiJIUzI1NiJ9.eyJ0b2tlbl90eXBlIjoicmVmcmVzaCIsImV4cCI6MTY1OTE1MDgzNSwiaWF0IjoxNjUxMzc0ODM1LCJqdGkiOiJjYzdjZTJiMDBhOTk0NzdhOThjODIzNGZhY2RjYzk0ZiIsInVzZXJfaWQiOjF9.hyE6lsGZLqBxFvzdw3KriywJsOc3-nIFJLpawZekrCY",
      "created_at": "2022-05-01T03:13:55.600Z",
      "expires_at": "2022-07-30T03:13:55Z"
    }
  },
  {
    "model": "token_blacklist.outstandingtoken",
    "pk": 22,
    "fields": {
      "user": 1,
      "jti": "5821c18ac3f14e2b993ceb8b1969023f",
      "token": "eyJ0eXAiOiJKV1QiLCJhbGciOiJIUzI1NiJ9.eyJ0b2tlbl90eXBlIjoicmVmcmVzaCIsImV4cCI6MTY1OTE5NDA0MiwiaWF0IjoxNjUxNDE4MDQyLCJqdGkiOiI1ODIxYzE4YWMzZjE0ZTJiOTkzY2ViOGIxOTY5MDIzZiIsInVzZXJfaWQiOjF9.6cgRI39j29gRnG8ZqVBGl-FBB2HIM57pnFBWeuXY5Lk",
      "created_at": "2022-05-01T15:14:02.954Z",
      "expires_at": "2022-07-30T15:14:02Z"
    }
  },
  {
    "model": "token_blacklist.outstandingtoken",
    "pk": 23,
    "fields": {
      "user": 1,
      "jti": "a3b337a41a3d4e89b915f9e571d1fc57",
      "token": "eyJ0eXAiOiJKV1QiLCJhbGciOiJIUzI1NiJ9.eyJ0b2tlbl90eXBlIjoicmVmcmVzaCIsImV4cCI6MTY1OTIwMzI3MiwiaWF0IjoxNjUxNDI3MjcyLCJqdGkiOiJhM2IzMzdhNDFhM2Q0ZTg5YjkxNWY5ZTU3MWQxZmM1NyIsInVzZXJfaWQiOjF9.-hc5-53lbHOwK1DVzUCtGJf91xfhu7fqb1ctsskcL-w",
      "created_at": "2022-05-01T17:47:52.326Z",
      "expires_at": "2022-07-30T17:47:52Z"
    }
  },
  {
    "model": "token_blacklist.outstandingtoken",
    "pk": 24,
    "fields": {
      "user": 6,
      "jti": "68fd6db8c2bd467aa3bb6b4f23ce8d9e",
      "token": "eyJ0eXAiOiJKV1QiLCJhbGciOiJIUzI1NiJ9.eyJ0b2tlbl90eXBlIjoicmVmcmVzaCIsImV4cCI6MTY1OTIwMzk2NCwiaWF0IjoxNjUxNDI3OTY0LCJqdGkiOiI2OGZkNmRiOGMyYmQ0NjdhYTNiYjZiNGYyM2NlOGQ5ZSIsInVzZXJfaWQiOjZ9.5egQy3JwtQkl1YGDjIxV7a3GtRD7p5VFPDbVETCKtTc",
      "created_at": "2022-05-01T17:59:24.770Z",
      "expires_at": "2022-07-30T17:59:24Z"
    }
  },
  {
    "model": "token_blacklist.outstandingtoken",
    "pk": 25,
    "fields": {
      "user": 2,
      "jti": "5c2a50d5dc544c219858dd37ebcc28b9",
      "token": "eyJ0eXAiOiJKV1QiLCJhbGciOiJIUzI1NiJ9.eyJ0b2tlbl90eXBlIjoicmVmcmVzaCIsImV4cCI6MTY1OTIzNTI0NSwiaWF0IjoxNjUxNDU5MjQ1LCJqdGkiOiI1YzJhNTBkNWRjNTQ0YzIxOTg1OGRkMzdlYmNjMjhiOSIsInVzZXJfaWQiOjJ9.UojcUTzaKsHZ6LJsimPqj6ZeEiNbDPeqgR0INBD_pxo",
      "created_at": "2022-05-02T02:40:45.844Z",
      "expires_at": "2022-07-31T02:40:45Z"
    }
  },
  {
    "model": "token_blacklist.outstandingtoken",
    "pk": 26,
    "fields": {
      "user": 6,
      "jti": "e94c40174152479198cd01b8d6ae8eef",
      "token": "eyJ0eXAiOiJKV1QiLCJhbGciOiJIUzI1NiJ9.eyJ0b2tlbl90eXBlIjoicmVmcmVzaCIsImV4cCI6MTY1OTI0NDk0NSwiaWF0IjoxNjUxNDY4OTQ1LCJqdGkiOiJlOTRjNDAxNzQxNTI0NzkxOThjZDAxYjhkNmFlOGVlZiIsInVzZXJfaWQiOjZ9.7OY4YueGjbG01n4k029gTvqovUoL6ROVk3j3G0N3fwU",
      "created_at": "2022-05-02T05:22:25.584Z",
      "expires_at": "2022-07-31T05:22:25Z"
    }
  },
  {
    "model": "token_blacklist.outstandingtoken",
    "pk": 27,
    "fields": {
      "user": 2,
      "jti": "252b58cc14684fa9b8121fa23eb8f886",
      "token": "eyJ0eXAiOiJKV1QiLCJhbGciOiJIUzI1NiJ9.eyJ0b2tlbl90eXBlIjoicmVmcmVzaCIsImV4cCI6MTY1OTI4MjU4MywiaWF0IjoxNjUxNTA2NTgzLCJqdGkiOiIyNTJiNThjYzE0Njg0ZmE5YjgxMjFmYTIzZWI4Zjg4NiIsInVzZXJfaWQiOjJ9.QiP_bjA6k99tROP4p8XNQRHzdunrvEHeP7NLF4LPV3s",
      "created_at": "2022-05-02T15:49:43.641Z",
      "expires_at": "2022-07-31T15:49:43Z"
    }
  },
  {
    "model": "token_blacklist.outstandingtoken",
    "pk": 28,
    "fields": {
      "user": 2,
      "jti": "80d21b75ec2d4b4984c1710fb0d1fa32",
      "token": "eyJ0eXAiOiJKV1QiLCJhbGciOiJIUzI1NiJ9.eyJ0b2tlbl90eXBlIjoicmVmcmVzaCIsImV4cCI6MTY1OTI4NDU2MiwiaWF0IjoxNjUxNTA4NTYyLCJqdGkiOiI4MGQyMWI3NWVjMmQ0YjQ5ODRjMTcxMGZiMGQxZmEzMiIsInVzZXJfaWQiOjJ9.PjCOfIyaY0zKWpqnaTo37Kkyb-CKfUi1TrQtdsd24lI",
      "created_at": "2022-05-02T16:22:42.096Z",
      "expires_at": "2022-07-31T16:22:42Z"
    }
  },
  {
    "model": "token_blacklist.outstandingtoken",
    "pk": 29,
    "fields": {
      "user": 1,
      "jti": "d6bb3407509d436db6e8901e06622e6d",
      "token": "eyJ0eXAiOiJKV1QiLCJhbGciOiJIUzI1NiJ9.eyJ0b2tlbl90eXBlIjoicmVmcmVzaCIsImV4cCI6MTY1OTI5MzIyMCwiaWF0IjoxNjUxNTE3MjIwLCJqdGkiOiJkNmJiMzQwNzUwOWQ0MzZkYjZlODkwMWUwNjYyMmU2ZCIsInVzZXJfaWQiOjF9.pw08RBv8r8Ftgn2AMqP0D_CTuDek9hfJqyRddwAgJEA",
      "created_at": "2022-05-02T18:47:00.883Z",
      "expires_at": "2022-07-31T18:47:00Z"
    }
  },
  {
    "model": "token_blacklist.outstandingtoken",
    "pk": 30,
    "fields": {
      "user": 1,
      "jti": "a786a8fa74e0430aa1c2da971441101e",
      "token": "eyJ0eXAiOiJKV1QiLCJhbGciOiJIUzI1NiJ9.eyJ0b2tlbl90eXBlIjoicmVmcmVzaCIsImV4cCI6MTY1OTI5MzI0OSwiaWF0IjoxNjUxNTE3MjQ5LCJqdGkiOiJhNzg2YThmYTc0ZTA0MzBhYTFjMmRhOTcxNDQxMTAxZSIsInVzZXJfaWQiOjF9.Ul0bFdfP4Vk3eVlbs1WNqgLbjenaqZuwLbP1ubtd9B4",
      "created_at": "2022-05-02T18:47:29.072Z",
      "expires_at": "2022-07-31T18:47:29Z"
    }
  },
  {
    "model": "token_blacklist.outstandingtoken",
    "pk": 31,
    "fields": {
      "user": 6,
      "jti": "2ff69a8adf6c4f82b065b0a4c55d65e8",
      "token": "eyJ0eXAiOiJKV1QiLCJhbGciOiJIUzI1NiJ9.eyJ0b2tlbl90eXBlIjoicmVmcmVzaCIsImV4cCI6MTY1OTMwMjY3MSwiaWF0IjoxNjUxNTI2NjcxLCJqdGkiOiIyZmY2OWE4YWRmNmM0ZjgyYjA2NWIwYTRjNTVkNjVlOCIsInVzZXJfaWQiOjZ9.xRfD2uM5qe-4UZ_EnQ5--531Bgrv4DGwwEc1rCVO3k0",
      "created_at": "2022-05-02T21:24:31.645Z",
      "expires_at": "2022-07-31T21:24:31Z"
    }
  },
  {
    "model": "token_blacklist.outstandingtoken",
    "pk": 32,
    "fields": {
      "user": 7,
      "jti": "e0f5e291196f4ede98bf8e93e943e321",
      "token": "eyJ0eXAiOiJKV1QiLCJhbGciOiJIUzI1NiJ9.eyJ0b2tlbl90eXBlIjoicmVmcmVzaCIsImV4cCI6MTY1OTMwMjc4NywiaWF0IjoxNjUxNTI2Nzg3LCJqdGkiOiJlMGY1ZTI5MTE5NmY0ZWRlOThiZjhlOTNlOTQzZTMyMSIsInVzZXJfaWQiOjd9.GI6E6jqConiduBGlFvRg-PRJsxqqv8qCahKRF6RmmSk",
      "created_at": "2022-05-02T21:26:27.116Z",
      "expires_at": "2022-07-31T21:26:27Z"
    }
  }
]
